round_idx,frac0,frac1,new_coin0,new_coin1,coin_total0,coin_total1,name0,name1
0.0,0.0,0.5,0.0,0.5,0.0,0.5,optimal_frac_strat,copycat
1.0,0.1125,0.0,0.16875,0.0,0.16875,0.5,optimal_frac_strat,copycat
2.0,0.09,0.1125,0.3594375,0.40886015625000005,0.5281875,0.90886015625,optimal_frac_strat,copycat
3.0,0.08915625,0.09,0.8627077065673832,0.7932284392214358,1.3908952065673832,1.702088595471436,optimal_frac_strat,copycat
4.0,0.08655750000000001,0.08915625,2.08268274237992,1.9595277654578866,3.473577948947303,3.6616163609293224,optimal_frac_strat,copycat
5.0,0.08458846875,0.08655750000000001,5.080142901215647,4.758672849871274,8.55372085016295,8.420289210800597,optimal_frac_strat,copycat
6.0,0.0829024392857143,0.08458846875,12.48966882137782,11.687195666758505,21.043389671540773,20.107484877559102,optimal_frac_strat,copycat
7.0,0.08144285770647322,0.0829024392857143,30.90222777608519,28.894173281093263,51.94561744762596,49.00165815865236,optimal_frac_strat,copycat
8.0,0.08015845582366071,0.08144285770647322,76.86508275683533,71.83660198271737,128.81070020446128,120.83826014136973,optimal_frac_strat,copycat
9.0,0.07901387707103238,0.08015845582366071,192.054099846814,179.44139591088413,320.8648000512753,300.27965605225387,optimal_frac_strat,copycat
0.0,0.0,0.0,0.0,0.0,0.0,0.0,optimal_frac_strat,Misha:)
1.0,0.0,0.0,0.0,0.0,0.0,0.0,optimal_frac_strat,Misha:)
2.0,0.0,0.0,0.0,0.0,0.0,0.0,optimal_frac_strat,Misha:)
3.0,0.0,0.0,0.0,0.0,0.0,0.0,optimal_frac_strat,Misha:)
4.0,0.0,0.0,0.0,0.0,0.0,0.0,optimal_frac_strat,Misha:)
5.0,0.0,0.0,0.0,0.0,0.0,0.0,optimal_frac_strat,Misha:)
6.0,0.0,0.0,0.0,0.0,0.0,0.0,optimal_frac_strat,Misha:)
7.0,0.0,0.0,0.0,0.0,0.0,0.0,optimal_frac_strat,Misha:)
8.0,0.0,0.0,0.0,0.0,0.0,0.0,optimal_frac_strat,Misha:)
9.0,0.0,0.99999,0.0,19682.80317,0.0,19682.80317,optimal_frac_strat,Misha:)
0.0,0.0,0.5,0.0,0.5,0.0,0.5,optimal_frac_strat,Adaptive Play 0.5 to 1
1.0,0.1125,0.5,0.16875,0.665625,0.16875,1.165625,optimal_frac_strat,Adaptive Play 0.5 to 1
2.0,0.16499999999999998,0.5,0.329484375,0.8336953125000001,0.498234375,1.9993203125,optimal_frac_strat,Adaptive Play 0.5 to 1
3.0,0.1965,0.5,0.49146338671875006,1.004811275390625,0.9896977617187501,3.004131587890625,optimal_frac_strat,Adaptive Play 0.5 to 1
4.0,0.21792000000000003,0.5,0.6569054193993752,1.17876420338625,1.6466031811181252,4.182895791276875,optimal_frac_strat,Adaptive Play 0.5 to 1
5.0,0.233628,1.0,0.8261769699261684,2.7101156402325812,2.4727801510442937,6.893011431509457,optimal_frac_strat,Adaptive Play 0.5 to 1
0.0,0.0,0.381761622716811,0.0,0.381761622716811,0.0,0.381761622716811,optimal_frac_strat,FiftyFifty
1.0,0.08589636511128249,0.08504275330340672,0.14576484748129062,0.1577300814059782,0.14576484748129062,0.5394917041227892,optimal_frac_strat,FiftyFifty
2.0,0.08147350508453699,0.4238824757957844,0.37915004127985585,1.811890122212515,0.5249148887611464,2.351381826335304,optimal_frac_strat,FiftyFifty
3.0,0.1169392578488822,0.0008375805448665452,0.8632074099278386,0.006187928923359117,1.3881222986889852,2.3575697552586634,optimal_frac_strat,FiftyFifty
4.0,0.10298192915605432,0.05135354187308022,1.9104341462640793,1.004238949626773,3.298556444953064,3.361808704885436,optimal_frac_strat,FiftyFifty
5.0,0.09653525188092989,0.3336344996205146,4.819249707980637,15.047891807236729,8.117806152933701,18.409700512122164,optimal_frac_strat,FiftyFifty
6.0,0.109708733838169,0.6365641984274193,9.89189890465537,51.09904560446739,18.009705057589073,69.50874611658955,optimal_frac_strat,FiftyFifty
7.0,0.13728731496184865,0.8432184515400379,12.015724222885744,63.66867706466899,30.025429280474818,133.17742318125855,optimal_frac_strat,FiftyFifty
8.0,0.17029574987472731,0.8160404444937859,6.047915826531776,24.04567247698136,36.073345107006595,157.2230956582399,optimal_frac_strat,FiftyFifty
9.0,0.19679982488446404,0.9449984752464459,3.2003211194939105,12.343085920196515,39.27366622650051,169.56618157843644,optimal_frac_strat,FiftyFifty
0.0,0.0,0.1,0.0,0.1,0.0,0.1,optimal_frac_strat,increasing
1.0,0.022500000000000003,0.2,0.06075000000000001,0.52785,0.06075000000000001,0.62785,optimal_frac_strat,increasing
2.0,0.048000000000000015,0.30000000000000004,0.30404160000000013,1.8090475200000007,0.36479160000000016,2.4368975200000005,optimal_frac_strat,increasing
3.0,0.07455000000000002,0.4,0.9440514483120003,4.6877124766752,1.3088430483120004,7.124609996675201,optimal_frac_strat,increasing
4.0,0.10160400000000001,0.5,2.1433065231604815,9.475699810938957,3.452149571472482,16.60030980761416,optimal_frac_strat,increasing
5.0,0.1289436,0.6,3.6654925384253656,14.856964136634904,7.117642109897847,31.457273944249064,optimal_frac_strat,increasing
6.0,0.15646272,0.7,4.649122039520699,17.54536436362438,11.766764149418545,49.00263830787344,optimal_frac_strat,increasing
7.0,0.184103016,0.7999999999999999,4.153055780779933,14.724215863675422,15.919819930198479,63.726854171548865,optimal_frac_strat,increasing
8.0,0.2118294816,0.9,2.3392672600266464,7.83350517395693,18.259087190225124,71.5603593455058,optimal_frac_strat,increasing
9.0,0.239619712704,1.0,0.6256874197496188,1.9854809715693569,18.88477460997474,73.54584031707516,optimal_frac_strat,increasing
0.0,0.0,0.50001,0.0,0.50001,0.0,0.50001,optimal_frac_strat,Alternating For Fun
1.0,0.11250225,0.1,0.15187499993925002,0.14999700000000002,0.15187499993925002,0.650007,optimal_frac_strat,Alternating For Fun
2.0,0.1050018,0.9,0.37740733974833673,2.895197994390523,0.5292823396875868,3.545204994390523,optimal_frac_strat,Alternating For Fun
3.0,0.19050153,0.1,0.16546189427529787,0.09650659981301746,0.6947442339628846,3.6417115942035405,optimal_frac_strat,Alternating For Fun
4.0,0.1766413464,0.9,0.37258826929330036,1.5630338185490493,1.0673325032561851,5.20474541275259,optimal_frac_strat,Alternating For Fun
5.0,0.22647721176000002,0.1,0.10619746233347231,0.052101127284968296,1.1735299655896574,5.256846540037559,optimal_frac_strat,Alternating For Fun
6.0,0.21349345075200005,0.9,0.23231034712366508,0.7702449323130557,1.4058403127133225,6.027091472350615,optimal_frac_strat,Alternating For Fun
7.0,0.24810644194560003,0.1,0.057330818874846555,0.02567483107710187,1.463171131588169,6.052766303427717,optimal_frac_strat,Alternating For Fun
8.0,0.23656601248256,0.9,0.1233048254042321,0.35813084134768086,1.5864759569924012,6.410897144775397,optimal_frac_strat,Alternating For Fun
9.0,0.26287205173360645,0.50001,0.03138086301804916,0.04399892200976316,1.6178568200104504,6.45489606678516,optimal_frac_strat,Alternating For Fun
0.0,0.0,0.5,0.0,0.5,0.0,0.5,optimal_frac_strat,Overly Complicated Normal Distributed Biased Fake Nash Equilibrium
1.0,0.1125,0.5,0.16875,0.665625,0.16875,1.165625,optimal_frac_strat,Overly Complicated Normal Distributed Biased Fake Nash Equilibrium
2.0,0.16499999999999998,0.5,0.329484375,0.8336953125000001,0.498234375,1.9993203125,optimal_frac_strat,Overly Complicated Normal Distributed Biased Fake Nash Equilibrium
3.0,0.1965,0.5,0.49146338671875006,1.004811275390625,0.9896977617187501,3.004131587890625,optimal_frac_strat,Overly Complicated Normal Distributed Biased Fake Nash Equilibrium
4.0,0.21792000000000003,0.5,0.6569054193993752,1.17876420338625,1.6466031811181252,4.182895791276875,optimal_frac_strat,Overly Complicated Normal Distributed Biased Fake Nash Equilibrium
5.0,0.233628,0.5,0.8261769699261684,1.3550578201162906,2.4727801510442937,5.537953611393166,optimal_frac_strat,Overly Complicated Normal Distributed Biased Fake Nash Equilibrium
6.0,0.24574559999999998,0.5,0.9989984911175096,1.533087484615681,3.4717786421618033,7.071041096008847,optimal_frac_strat,Overly Complicated Normal Distributed Biased Fake Nash Equilibrium
7.0,0.25543968,0.5,1.1748341294467035,1.7122141622001696,4.646612771608507,8.783255258209017,optimal_frac_strat,Overly Complicated Normal Distributed Biased Fake Nash Equilibrium
8.0,0.263410368,0.5,1.3530448876798753,1.8917987994603171,5.999657659288382,10.675054057669335,optimal_frac_strat,Overly Complicated Normal Distributed Biased Fake Nash Equilibrium
9.0,0.27010574592000003,0.5,1.5329571775763686,2.0712196104022915,7.5326148368647505,12.746273668071627,optimal_frac_strat,Overly Complicated Normal Distributed Biased Fake Nash Equilibrium
0.0,0.0,0.5,0.0,0.5,0.0,0.5,optimal_frac_strat,Follow-your-heart
1.0,0.1125,0.0,0.16875,0.0,0.16875,0.5,optimal_frac_strat,Follow-your-heart
2.0,0.09,0.1125,0.3594375,0.40886015625000005,0.5281875,0.90886015625,optimal_frac_strat,Follow-your-heart
3.0,0.08915625,0.75,0.8627077065673832,6.610236993511965,1.3908952065673832,7.519097149761965,optimal_frac_strat,Follow-your-heart
4.0,0.14595750000000002,0.75,0.964813665980523,4.234067495648583,2.3557088725479063,11.753164645410548,optimal_frac_strat,Follow-your-heart
5.0,0.18761175,0.14595750000000002,0.6784178941896729,0.6179939064961281,3.0341267667375793,12.371158551906676,optimal_frac_strat,Follow-your-heart
6.0,0.180913725,0.25,1.5943867036295412,1.8046450953147002,4.62851347036712,14.175803647221377,optimal_frac_strat,Follow-your-heart
7.0,0.181407695625,0.25,2.946388573457985,3.32385432109358,7.574902043825105,17.499657968314956,optimal_frac_strat,Follow-your-heart
8.0,0.18181384925,0.181407695625,4.452245561264396,5.426754776845066,12.027147605089501,22.92641274516002,optimal_frac_strat,Follow-your-heart
9.0,0.17906836459812503,0.9,10.76327394766848,44.409412536776806,22.790421552757984,67.33582528193682,optimal_frac_strat,Follow-your-heart
0.0,0.0,0.4,0.0,0.4,0.0,0.4,optimal_frac_strat,Guinea Pig
1.0,0.09000000000000001,0.9,0.162,1.4742,0.162,1.8742,optimal_frac_strat,Guinea Pig
2.0,0.20700000000000002,0.9,0.10171979999999997,0.3507121799999999,0.26371979999999995,2.22491218,optimal_frac_strat,Guinea Pig
3.0,0.2772,0.9,0.032405805431999994,0.07604842911119998,0.29612560543199995,2.3009606091112,optimal_frac_strat,Guinea Pig
4.0,0.324936,0.9,0.00823695745389229,0.015401267024856927,0.30436256288589225,2.316361876136057,optimal_frac_strat,Guinea Pig
5.0,0.3599424,0.9,0.0018478563386559535,0.0029573094026667194,0.3062104192245482,2.319319185538724,optimal_frac_strat,Guinea Pig
6.0,0.38694733714285723,0.9,0.0003814409994898066,0.0005438959212591891,0.306591860224038,2.3198630814599834,optimal_frac_strat,Guinea Pig
7.0,0.4085512868571429,0.9,7.406979284893096e-05,9.650596281371878e-05,0.3066659300168869,2.319959587422797,optimal_frac_strat,Guinea Pig
8.0,0.4263145344000001,0.9,1.3713964867918084e-05,1.6609220462989366e-05,0.30667964398175485,2.31997619664326,optimal_frac_strat,Guinea Pig
9.0,0.4412356623360001,0.9,2.4428601306239168e-06,2.7841920213352786e-06,0.30668208684188547,2.3199789808352813,optimal_frac_strat,Guinea Pig
0.0,0.0,0.0,0.0,0.0,0.0,0.0,optimal_frac_strat,any_gamblers?
1.0,0.0,0.0,0.0,0.0,0.0,0.0,optimal_frac_strat,any_gamblers?
2.0,0.0,0.0,0.0,0.0,0.0,0.0,optimal_frac_strat,any_gamblers?
3.0,0.0,0.0,0.0,0.0,0.0,0.0,optimal_frac_strat,any_gamblers?
4.0,0.0,0.0,0.0,0.0,0.0,0.0,optimal_frac_strat,any_gamblers?
5.0,0.0,0.0,0.0,0.0,0.0,0.0,optimal_frac_strat,any_gamblers?
6.0,0.0,0.0,0.0,0.0,0.0,0.0,optimal_frac_strat,any_gamblers?
7.0,0.0,0.0,0.0,0.0,0.0,0.0,optimal_frac_strat,any_gamblers?
8.0,0.0,0.0,0.0,0.0,0.0,0.0,optimal_frac_strat,any_gamblers?
9.0,0.0,0.66,0.0,12990.78,0.0,12990.78,optimal_frac_strat,any_gamblers?
0.0,0.0,0.5,0.0,0.5,0.0,0.5,optimal_frac_strat,gonna sleep
1.0,0.1125,0.5,0.16875,0.665625,0.16875,1.165625,optimal_frac_strat,gonna sleep
2.0,0.16499999999999998,0.5,0.329484375,0.8336953125000001,0.498234375,1.9993203125,optimal_frac_strat,gonna sleep
3.0,0.1965,0.5,0.49146338671875006,1.004811275390625,0.9896977617187501,3.004131587890625,optimal_frac_strat,gonna sleep
4.0,0.21792000000000003,0.5,0.6569054193993752,1.17876420338625,1.6466031811181252,4.182895791276875,optimal_frac_strat,gonna sleep
5.0,0.233628,0.5,0.8261769699261684,1.3550578201162906,2.4727801510442937,5.537953611393166,optimal_frac_strat,gonna sleep
6.0,0.24574559999999998,0.5,0.9989984911175096,1.533087484615681,3.4717786421618033,7.071041096008847,optimal_frac_strat,gonna sleep
7.0,0.25543968,0.5,1.1748341294467035,1.7122141622001696,4.646612771608507,8.783255258209017,optimal_frac_strat,gonna sleep
8.0,0.263410368,0.5,1.3530448876798753,1.8917987994603171,5.999657659288382,10.675054057669335,optimal_frac_strat,gonna sleep
9.0,0.27010574592000003,0.5,1.5329571775763686,2.0712196104022915,7.5326148368647505,12.746273668071627,optimal_frac_strat,gonna sleep
0.0,0.5,0.0,0.5,0.0,0.5,0.0,copycat,Misha:)
1.0,0.0,0.0,0.0,0.0,0.5,0.0,copycat,Misha:)
2.0,0.0,0.0,0.0,0.0,0.5,0.0,copycat,Misha:)
3.0,0.0,0.0,0.0,0.0,0.5,0.0,copycat,Misha:)
4.0,0.0,0.0,0.0,0.0,0.5,0.0,copycat,Misha:)
5.0,0.0,0.0,0.0,0.0,0.5,0.0,copycat,Misha:)
6.0,0.0,0.0,0.0,0.0,0.5,0.0,copycat,Misha:)
7.0,0.0,0.0,0.0,0.0,0.5,0.0,copycat,Misha:)
8.0,0.0,0.0,0.0,0.0,0.5,0.0,copycat,Misha:)
9.0,0.0,0.99999,0.0,9841.401585,0.5,9841.401585,copycat,Misha:)
0.0,0.5,0.5,0.375,0.375,0.375,0.375,copycat,Adaptive Play 0.5 to 1
1.0,0.5,0.5,0.28125,0.28125,0.65625,0.65625,copycat,Adaptive Play 0.5 to 1
2.0,0.5,0.5,0.2109375,0.2109375,0.8671875,0.8671875,copycat,Adaptive Play 0.5 to 1
3.0,0.5,0.5,0.158203125,0.158203125,1.025390625,1.025390625,copycat,Adaptive Play 0.5 to 1
4.0,0.5,0.5,0.11865234375,0.11865234375,1.14404296875,1.14404296875,copycat,Adaptive Play 0.5 to 1
5.0,0.5,1.0,0.11865234375,0.11865234375,1.2626953125,1.2626953125,copycat,Adaptive Play 0.5 to 1
0.0,0.5,0.4336286017056226,0.2831856991471887,0.4336286017056226,0.2831856991471887,0.4336286017056226,copycat,FiftyFifty
1.0,0.4336286017056226,0.1615225013176238,0.3088886175399293,0.137222587390902,0.5920743166871181,0.5708511890965247,copycat,FiftyFifty
2.0,0.1615225013176238,0.11647821322645069,0.1727256547560266,0.14097797007960325,0.7647999714431447,0.7118291591761279,copycat,FiftyFifty
3.0,0.11647821322645069,0.19379037633403273,0.3133149971282647,0.4605597203133516,1.0781149685714095,1.1723888794894795,copycat,FiftyFifty
4.0,0.19379037633403273,0.44750375112881163,1.1139230363685908,2.0738036636235537,2.1920380049400006,3.2461925431130334,copycat,FiftyFifty
5.0,0.44750375112881163,0.41764174459804276,2.001743662379578,3.207934166230543,4.193781667319579,6.454126709343576,copycat,FiftyFifty
6.0,0.41764174459804276,0.8658789504365787,3.0964656872882057,3.738606777702177,7.290247354607784,10.192733487045754,copycat,FiftyFifty
7.0,0.8658789504365787,0.8854514311765151,1.50427759479101,0.20631580205682093,8.794524949398793,10.399049289102575,copycat,FiftyFifty
8.0,0.8854514311765151,0.7961928330897431,0.014449834291708744,0.06375245809600218,8.808974783690502,10.462801747198577,copycat,FiftyFifty
9.0,0.7961928330897431,0.7474356473666994,0.0011277150129066083,0.004191629145036177,8.810102498703408,10.466993376343614,copycat,FiftyFifty
0.0,0.5,0.1,0.45,0.1,0.45,0.1,copycat,increasing
1.0,0.1,0.2,0.135,0.24300000000000002,0.585,0.343,copycat,increasing
2.0,0.2,0.30000000000000004,0.5832,0.6998400000000001,1.1682000000000001,1.0428400000000002,copycat,increasing
3.0,0.30000000000000004,0.4,1.4696640000000003,1.3716864,2.6378640000000004,2.4145264,copycat,increasing
4.0,0.4,0.5,2.46903552,1.8517766399999995,5.106899520000001,4.2663030399999995,copycat,increasing
5.0,0.5,0.6,2.777664959999999,1.6665989759999995,7.88456448,5.932902015999999,copycat,increasing
6.0,0.6,0.7,1.9999187711999993,0.9332954265599998,9.884483251199999,6.866197442559999,copycat,increasing
7.0,0.7,0.7999999999999999,0.839965883904,0.2879883030528,10.724449135103999,7.154185745612799,copycat,increasing
8.0,0.7999999999999999,0.9,0.17279298183168004,0.03887842091212803,10.89724211693568,7.193064166524927,copycat,increasing
9.0,0.9,1.0,0.011663526273638406,0.0012959473637375995,10.908905643209318,7.194360113888664,copycat,increasing
0.0,0.5,0.50001,0.5,0.250005,0.5,0.250005,copycat,Alternating For Fun
1.0,0.50001,0.1,0.33749999986500007,0.07499850000000001,0.8374999998650001,0.3250035,copycat,Alternating For Fun
2.0,0.1,0.9,0.10124595004050004,0.8200921953280502,0.9387459499055002,1.1450956953280502,copycat,Alternating For Fun
3.0,0.9,0.1,0.22142489273857358,0.02733640651093501,1.1601708426440738,1.1724321018389852,copycat,Alternating For Fun
4.0,0.1,0.9,0.007380829757952451,0.059784721039414845,1.1675516724020263,1.2322168228784,copycat,Alternating For Fun
5.0,0.9,0.1,0.01614187468064201,0.0019928240346471617,1.1836935470826684,1.2342096469130472,copycat,Alternating For Fun
6.0,0.1,0.9,0.0005380624893547338,0.004358306163773343,1.1842316095720231,1.2385679530768205,copycat,Alternating For Fun
7.0,0.9,0.1,0.0011767426642188034,0.0001452768721257782,1.185408352236242,1.2387132299489463,copycat,Alternating For Fun
8.0,0.1,0.9,3.922475547396009e-05,0.00031772051933907675,1.1854475769917159,1.2390309504682853,copycat,Alternating For Fun
9.0,0.9,0.50001,4.765712473930345e-05,5.295447895824386e-05,1.185495234116455,1.2390839049472435,copycat,Alternating For Fun
0.0,0.5,0.5,0.375,0.375,0.375,0.375,copycat,Overly Complicated Normal Distributed Biased Fake Nash Equilibrium
1.0,0.5,0.46,0.20249999999999999,0.34500000000000003,0.5775,0.72,copycat,Overly Complicated Normal Distributed Biased Fake Nash Equilibrium
2.0,0.46,0.44,0.156492,0.2673,0.733992,0.9873,copycat,Overly Complicated Normal Distributed Biased Fake Nash Equilibrium
3.0,0.44,0.41000000000000003,0.14307179039999995,0.22596083999999994,0.8770637903999999,1.2132608399999998,copycat,Overly Complicated Normal Distributed Biased Fake Nash Equilibrium
4.0,0.41000000000000003,0.39,0.13662315461087995,0.21304690243199995,1.0136869450108799,1.4263077424319996,copycat,Overly Complicated Normal Distributed Biased Fake Nash Equilibrium
5.0,0.39,0.37,0.14491684655017306,0.21823049745040307,1.158603791561053,1.6445382398824027,copycat,Overly Complicated Normal Distributed Biased Fake Nash Equilibrium
6.0,0.37,0.36,0.1610226819267646,0.24479799617244621,1.3196264734878176,1.889336236054849,copycat,Overly Complicated Normal Distributed Biased Fake Nash Equilibrium
7.0,0.36,0.36,0.24280827805955657,0.24280827805955657,1.5624347515473742,2.1321445141144055,copycat,Overly Complicated Normal Distributed Biased Fake Nash Equilibrium
8.0,0.36,0.35000000000000003,0.23650710713625483,0.3537499465713214,1.798941858683629,2.485894460685727,copycat,Overly Complicated Normal Distributed Biased Fake Nash Equilibrium
9.0,0.35000000000000003,0.35000000000000003,0.36422094498983243,0.36422094498983243,2.1631628036734614,2.8501154056755595,copycat,Overly Complicated Normal Distributed Biased Fake Nash Equilibrium
0.0,0.5,0.5,0.375,0.375,0.375,0.375,copycat,Follow-your-heart
1.0,0.5,0.5,0.28125,0.28125,0.65625,0.65625,copycat,Follow-your-heart
2.0,0.5,0.5,0.2109375,0.2109375,0.8671875,0.8671875,copycat,Follow-your-heart
3.0,0.5,0.75,0.2109375,0.158203125,1.078125,1.025390625,copycat,Follow-your-heart
4.0,0.75,0.75,0.07415771484375,0.07415771484375,1.15228271484375,1.09954833984375,copycat,Follow-your-heart
5.0,0.75,0.75,0.013904571533203125,0.013904571533203125,1.1661872863769531,1.1134529113769531,copycat,Follow-your-heart
6.0,0.75,0.25,0.003128528594970703,0.0013904571533203125,1.1693158149719238,1.1148433685302734,copycat,Follow-your-heart
7.0,0.25,0.25,0.0006843656301498413,0.0006843656301498413,1.1700001806020737,1.1155277341604233,copycat,Follow-your-heart
8.0,0.25,0.25,0.0011548670008778572,0.0011548670008778572,1.1711550476029515,1.1166826011613011,copycat,Follow-your-heart
9.0,0.25,0.9,0.0022272435016930103,0.006013557454571128,1.1733822911046445,1.1226961586158724,copycat,Follow-your-heart
0.0,0.5,0.4,0.3,0.4,0.3,0.4,copycat,Guinea Pig
1.0,0.4,0.4,0.28800000000000003,0.28800000000000003,0.5880000000000001,0.6880000000000001,copycat,Guinea Pig
2.0,0.4,0.4,0.3110399999999999,0.3110399999999999,0.8990400000000001,0.9990399999999999,copycat,Guinea Pig
3.0,0.4,0.4,0.3359231999999998,0.3359231999999998,1.2349632,1.3349631999999998,copycat,Guinea Pig
4.0,0.4,0.4,0.3627970559999996,0.3627970559999996,1.5977602559999995,1.6977602559999994,copycat,Guinea Pig
5.0,0.4,0.4,0.3918208204799995,0.3918208204799995,1.989581076479999,2.0895810764799987,copycat,Guinea Pig
6.0,0.4,0.4,0.4231664861183993,0.4231664861183993,2.4127475625983985,2.512747562598398,copycat,Guinea Pig
7.0,0.4,0.4,0.4570198050078711,0.4570198050078711,2.8697673676062694,2.969767367606269,copycat,Guinea Pig
8.0,0.4,0.4,0.49358138940850066,0.49358138940850066,3.36334875701477,3.46334875701477,copycat,Guinea Pig
9.0,0.4,0.4,0.5330679005611805,0.5330679005611805,3.8964166575759505,3.99641665757595,copycat,Guinea Pig
0.0,0.5,0.0,0.5,0.0,0.5,0.0,copycat,any_gamblers?
1.0,0.0,0.0,0.0,0.0,0.5,0.0,copycat,any_gamblers?
2.0,0.0,0.0,0.0,0.0,0.5,0.0,copycat,any_gamblers?
3.0,0.0,0.0,0.0,0.0,0.5,0.0,copycat,any_gamblers?
4.0,0.0,0.0,0.0,0.0,0.5,0.0,copycat,any_gamblers?
5.0,0.0,0.0,0.0,0.0,0.5,0.0,copycat,any_gamblers?
6.0,0.0,0.0,0.0,0.0,0.5,0.0,copycat,any_gamblers?
7.0,0.0,0.0,0.0,0.0,0.5,0.0,copycat,any_gamblers?
8.0,0.0,0.0,0.0,0.0,0.5,0.0,copycat,any_gamblers?
9.0,0.0,0.66,0.0,6495.39,0.5,6495.39,copycat,any_gamblers?
0.0,0.5,0.5,0.375,0.375,0.375,0.375,copycat,gonna sleep
1.0,0.5,0.5,0.28125,0.28125,0.65625,0.65625,copycat,gonna sleep
2.0,0.5,0.5,0.2109375,0.2109375,0.8671875,0.8671875,copycat,gonna sleep
3.0,0.5,0.5,0.158203125,0.158203125,1.025390625,1.025390625,copycat,gonna sleep
4.0,0.5,0.5,0.11865234375,0.11865234375,1.14404296875,1.14404296875,copycat,gonna sleep
5.0,0.5,0.5,0.0889892578125,0.0889892578125,1.2330322265625,1.2330322265625,copycat,gonna sleep
6.0,0.5,0.5,0.066741943359375,0.066741943359375,1.299774169921875,1.299774169921875,copycat,gonna sleep
7.0,0.5,0.5,0.05005645751953125,0.05005645751953125,1.3498306274414062,1.3498306274414062,copycat,gonna sleep
8.0,0.5,0.5,0.03754234313964844,0.03754234313964844,1.3873729705810547,1.3873729705810547,copycat,gonna sleep
9.0,0.5,0.5,0.028156757354736328,0.028156757354736328,1.415529727935791,1.415529727935791,copycat,gonna sleep
0.0,0.0,0.5,0.0,0.5,0.0,0.5,Misha:),Adaptive Play 0.5 to 1
1.0,0.0,0.5,0.0,0.75,0.0,1.25,Misha:),Adaptive Play 0.5 to 1
2.0,0.0,0.5,0.0,1.125,0.0,2.375,Misha:),Adaptive Play 0.5 to 1
3.0,0.0,0.5,0.0,1.6875,0.0,4.0625,Misha:),Adaptive Play 0.5 to 1
4.0,0.0,0.5,0.0,2.53125,0.0,6.59375,Misha:),Adaptive Play 0.5 to 1
5.0,0.0,1.0,0.0,7.59375,0.0,14.1875,Misha:),Adaptive Play 0.5 to 1
0.0,0.0,0.22715747798143987,0.0,0.22715747798143987,0.0,0.22715747798143987,Misha:),FiftyFifty
1.0,0.0,0.10938617781589494,0.0,0.25361486861162075,0.0,0.4807723465930606,Misha:),FiftyFifty
2.0,0.0,0.35450778269906985,0.0,2.196082865514147,0.0,2.6768552121072076,Misha:),FiftyFifty
3.0,0.0,0.24988240121828442,0.0,2.9975807091640014,0.0,5.674435921271209,Misha:),FiftyFifty
4.0,0.0,0.3692235776264544,0.0,9.96724767587955,0.0,15.64168359715076,Misha:),FiftyFifty
5.0,0.0,0.2796729247700895,0.0,14.286733859887939,0.0,29.928417457038698,Misha:),FiftyFifty
6.0,0.0,0.5527752523055156,0.0,61.02139273537329,0.0,90.94981019241199,Misha:),FiftyFifty
7.0,0.0,0.7072431896186816,0.0,104.74887822512311,0.0,195.6986884175351,Misha:),FiftyFifty
8.0,0.0,0.5192139578442403,0.0,67.53909346582948,0.0,263.23778188336456,Misha:),FiftyFifty
9.0,0.99999,0.9524878728561834,8.914194492129662,178.7069442671854,8.914194492129662,441.94472615054997,Misha:),FiftyFifty
0.0,0.0,0.1,0.0,0.1,0.0,0.1,Misha:),increasing
1.0,0.0,0.2,0.0,0.54,0.0,0.64,Misha:),increasing
2.0,0.0,0.30000000000000004,0.0,1.9440000000000004,0.0,2.5840000000000005,Misha:),increasing
3.0,0.0,0.4,0.0,5.4432,0.0,8.0272,Misha:),increasing
4.0,0.0,0.5,0.0,12.2472,0.0,20.2744,Misha:),increasing
5.0,0.0,0.6,0.0,22.04496,0.0,42.31936,Misha:),increasing
6.0,0.0,0.7,0.0,30.86294399999999,0.0,73.18230399999999,Misha:),increasing
7.0,0.0,0.7999999999999999,0.0,31.7447424,0.0,104.9270464,Misha:),increasing
8.0,0.0,0.9,0.0,21.427701120000005,0.0,126.35474752,Misha:),increasing
9.0,0.99999,1.0,7.1424956143296,7.142567039952752e-05,7.1424956143296,126.3548189456704,Misha:),increasing
0.0,0.0,0.50001,0.0,0.50001,0.0,0.50001,Misha:),Alternating For Fun
1.0,0.0,0.1,0.0,0.14999700000000002,0.0,0.650007,Misha:),Alternating For Fun
2.0,0.0,0.9,0.0,3.6449271000000008,0.0,4.294934100000001,Misha:),Alternating For Fun
3.0,0.0,0.1,0.0,0.12149757000000005,0.0,4.416431670000001,Misha:),Alternating For Fun
4.0,0.0,0.9,0.0,2.9523909510000017,0.0,7.368822621000002,Misha:),Alternating For Fun
5.0,0.0,0.1,0.0,0.0984130317,0.0,7.467235652700002,Misha:),Alternating For Fun
6.0,0.0,0.9,0.0,2.3914366703099996,0.0,9.858672323010001,Misha:),Alternating For Fun
7.0,0.0,0.1,0.0,0.07971455567699999,0.0,9.938386878687002,Misha:),Alternating For Fun
8.0,0.0,0.9,0.0,1.9370637029510995,0.0,11.875450581638102,Misha:),Alternating For Fun
9.0,0.99999,0.50001,0.3228342652379041,0.3228504073708598,0.3228342652379041,12.198300989008962,Misha:),Alternating For Fun
0.0,0.0,0.5,0.0,0.5,0.0,0.5,Misha:),Overly Complicated Normal Distributed Biased Fake Nash Equilibrium
1.0,0.0,0.5,0.0,0.75,0.0,1.25,Misha:),Overly Complicated Normal Distributed Biased Fake Nash Equilibrium
2.0,0.0,0.5,0.0,1.125,0.0,2.375,Misha:),Overly Complicated Normal Distributed Biased Fake Nash Equilibrium
3.0,0.0,0.5,0.0,1.6875,0.0,4.0625,Misha:),Overly Complicated Normal Distributed Biased Fake Nash Equilibrium
4.0,0.0,0.5,0.0,2.53125,0.0,6.59375,Misha:),Overly Complicated Normal Distributed Biased Fake Nash Equilibrium
5.0,0.0,0.5,0.0,3.796875,0.0,10.390625,Misha:),Overly Complicated Normal Distributed Biased Fake Nash Equilibrium
6.0,0.0,0.5,0.0,5.6953125,0.0,16.0859375,Misha:),Overly Complicated Normal Distributed Biased Fake Nash Equilibrium
7.0,0.0,0.5,0.0,8.54296875,0.0,24.62890625,Misha:),Overly Complicated Normal Distributed Biased Fake Nash Equilibrium
8.0,0.0,0.5,0.0,12.814453125,0.0,37.443359375,Misha:),Overly Complicated Normal Distributed Biased Fake Nash Equilibrium
9.0,0.99999,0.49,19.60591722011719,18.83724609375,19.60591722011719,56.28060546875,Misha:),Overly Complicated Normal Distributed Biased Fake Nash Equilibrium
0.0,0.0,0.5,0.0,0.5,0.0,0.5,Misha:),Follow-your-heart
1.0,0.0,0.0,0.0,0.0,0.0,0.5,Misha:),Follow-your-heart
2.0,0.0,0.0,0.0,0.0,0.0,0.5,Misha:),Follow-your-heart
3.0,0.0,0.75,0.0,10.125,0.0,10.625,Misha:),Follow-your-heart
4.0,0.0,0.75,0.0,7.59375,0.0,18.21875,Misha:),Follow-your-heart
5.0,0.0,0.0,0.0,0.0,0.0,18.21875,Misha:),Follow-your-heart
6.0,0.0,0.25,0.0,5.6953125,0.0,23.9140625,Misha:),Follow-your-heart
7.0,0.0,0.25,0.0,12.814453125,0.0,36.728515625,Misha:),Follow-your-heart
8.0,0.0,0.0,0.0,0.0,0.0,36.728515625,Misha:),Follow-your-heart
9.0,0.99999,0.9,34.598677447265594,311.39121093750003,34.598677447265594,348.11972656250003,Misha:),Follow-your-heart
0.0,0.0,0.05,0.0,0.05,0.0,0.05,Misha:),gregatron
1.0,0.0,0.3,0.0,0.8549999999999999,0.0,0.9049999999999999,Misha:),gregatron
2.0,0.0,0.7,0.0,4.1895,0.0,5.0945,Misha:),gregatron
3.0,0.0,0.6,0.0,3.231899999999999,0.0,8.3264,Misha:),gregatron
4.0,0.0,0.55,0.0,3.55509,0.0,11.88149,Misha:),gregatron
5.0,0.0,0.7,0.0,6.108290999999998,0.0,17.989780999999997,Misha:),gregatron
6.0,0.0,0.7,0.0,5.497461899999999,0.0,23.4872429,Misha:),gregatron
7.0,0.0,0.7,0.0,4.9477157100000015,0.0,28.43495861,Misha:),gregatron
8.0,0.0,0.5,0.0,3.180674385000001,0.0,31.615632995,Misha:),gregatron
9.0,0.99999,0.3,6.679349414337917,2.8626069465000006,6.679349414337917,34.4782399415,Misha:),gregatron
0.0,0.0,0.4,0.0,0.4,0.0,0.4,Misha:),Guinea Pig
1.0,0.0,0.9,0.0,1.6199999999999999,0.0,2.02,Misha:),Guinea Pig
2.0,0.0,0.9,0.0,0.4859999999999998,0.0,2.506,Misha:),Guinea Pig
3.0,0.0,0.9,0.0,0.14579999999999999,0.0,2.6517999999999997,Misha:),Guinea Pig
4.0,0.0,0.9,0.0,0.04373999999999998,0.0,2.69554,Misha:),Guinea Pig
5.0,0.0,0.9,0.0,0.01312199999999999,0.0,2.708662,Misha:),Guinea Pig
6.0,0.0,0.9,0.0,0.0039365999999999984,0.0,2.7125985999999997,Misha:),Guinea Pig
7.0,0.0,0.9,0.0,0.001180979999999998,0.0,2.7137795799999997,Misha:),Guinea Pig
8.0,0.0,0.9,0.0,0.0003542939999999995,0.0,2.714133874,Misha:),Guinea Pig
9.0,0.99999,0.9,1.1809681901999984e-05,0.00010628819999999982,1.1809681901999984e-05,2.7142401622,Misha:),Guinea Pig
0.0,0.0,0.0,0.0,0.0,0.0,0.0,Misha:),any_gamblers?
1.0,0.0,0.0,0.0,0.0,0.0,0.0,Misha:),any_gamblers?
2.0,0.0,0.0,0.0,0.0,0.0,0.0,Misha:),any_gamblers?
3.0,0.0,0.0,0.0,0.0,0.0,0.0,Misha:),any_gamblers?
4.0,0.0,0.0,0.0,0.0,0.0,0.0,Misha:),any_gamblers?
5.0,0.0,0.0,0.0,0.0,0.0,0.0,Misha:),any_gamblers?
6.0,0.0,0.0,0.0,0.0,0.0,0.0,Misha:),any_gamblers?
7.0,0.0,0.0,0.0,0.0,0.0,0.0,Misha:),any_gamblers?
8.0,0.0,0.0,0.0,0.0,0.0,0.0,Misha:),any_gamblers?
9.0,0.99999,0.66,6692.1530778,12990.78,6692.1530778,12990.78,Misha:),any_gamblers?
0.0,0.0,0.5,0.0,0.5,0.0,0.5,Misha:),gonna sleep
1.0,0.0,0.5,0.0,0.75,0.0,1.25,Misha:),gonna sleep
2.0,0.0,0.5,0.0,1.125,0.0,2.375,Misha:),gonna sleep
3.0,0.0,0.5,0.0,1.6875,0.0,4.0625,Misha:),gonna sleep
4.0,0.0,0.5,0.0,2.53125,0.0,6.59375,Misha:),gonna sleep
5.0,0.0,0.5,0.0,3.796875,0.0,10.390625,Misha:),gonna sleep
6.0,0.0,0.5,0.0,5.6953125,0.0,16.0859375,Misha:),gonna sleep
7.0,0.0,0.5,0.0,8.54296875,0.0,24.62890625,Misha:),gonna sleep
8.0,0.0,0.5,0.0,12.814453125,0.0,37.443359375,Misha:),gonna sleep
9.0,0.99999,0.5,19.221487470703124,19.2216796875,19.221487470703124,56.6650390625,Misha:),gonna sleep
0.0,0.5,0.2725048809980056,0.3637475595009972,0.2725048809980056,0.3637475595009972,0.2725048809980056,Adaptive Play 0.5 to 1,FiftyFifty
1.0,0.5,0.0774918494284057,0.5033401325852939,0.08456241333240395,0.8670876920862911,0.35706729433040957,Adaptive Play 0.5 to 1,FiftyFifty
2.0,0.5,0.15788860491467532,0.6358026918807511,0.23841501399437925,1.5028903839670422,0.5954823083247889,Adaptive Play 0.5 to 1,FiftyFifty
3.0,0.5,0.33625626700341193,0.6330150782373138,0.6413779191676257,2.135905462204356,1.2368602274924145,Adaptive Play 0.5 to 1,FiftyFifty
4.0,0.5,0.4300393212299233,0.5411905554957489,0.8166641237204437,2.6770960177001046,2.0535243512128583,Adaptive Play 0.5 to 1,FiftyFifty
5.0,1.0,0.07799232534951672,1.4969455368463165,0.12662612964093042,4.174041554546421,2.1801504808537886,Adaptive Play 0.5 to 1,FiftyFifty
0.0,0.5,0.1,0.45,0.1,0.45,0.1,Adaptive Play 0.5 to 1,increasing
1.0,0.5,0.2,0.54,0.27,0.99,0.37,Adaptive Play 0.5 to 1,increasing
2.0,0.5,0.30000000000000004,0.567,0.4860000000000001,1.557,0.8560000000000001,Adaptive Play 0.5 to 1,increasing
3.0,0.5,0.4,0.5103,0.6804,2.0673,1.5364,Adaptive Play 0.5 to 1,increasing
4.0,0.5,0.5,0.5740875,0.5740875,2.6413875,2.1104875,Adaptive Play 0.5 to 1,increasing
5.0,1.0,0.6,0.45926999999999996,0.688905,3.1006575,2.7993925,Adaptive Play 0.5 to 1,increasing
0.0,0.5,0.50001,0.5,0.250005,0.5,0.250005,Adaptive Play 0.5 to 1,Alternating For Fun
1.0,0.5,0.1,0.3374932500000001,0.07499850000000001,0.8374932500000001,0.3250035,Adaptive Play 0.5 to 1,Alternating For Fun
2.0,0.5,0.9,0.5062398750000001,0.4556158875000001,1.3437331250000002,0.7806193875,Adaptive Play 0.5 to 1,Alternating For Fun
3.0,0.5,0.1,0.06834238312500003,0.015187196250000007,1.4120755081250003,0.79580658375,Adaptive Play 0.5 to 1,Alternating For Fun
4.0,0.5,0.9,0.10251357468750005,0.09226221721875005,1.5145890828125004,0.8880688009687501,Adaptive Play 0.5 to 1,Alternating For Fun
5.0,1.0,0.1,0.027678665165624998,0.003075407240625,1.5422677479781253,0.8911442082093751,Adaptive Play 0.5 to 1,Alternating For Fun
0.0,0.5,0.5,0.375,0.375,0.375,0.375,Adaptive Play 0.5 to 1,Overly Complicated Normal Distributed Biased Fake Nash Equilibrium
1.0,0.5,0.46,0.20249999999999999,0.34500000000000003,0.5775,0.72,Adaptive Play 0.5 to 1,Overly Complicated Normal Distributed Biased Fake Nash Equilibrium
2.0,0.5,0.44,0.17009999999999997,0.2673,0.7476,0.9873,Adaptive Play 0.5 to 1,Overly Complicated Normal Distributed Biased Fake Nash Equilibrium
3.0,0.5,0.43,0.1454355,0.21942899999999999,0.8930355000000001,1.206729,Adaptive Play 0.5 to 1,Overly Complicated Normal Distributed Biased Fake Nash Equilibrium
4.0,0.5,0.43,0.1243473525,0.187611795,1.0173828525000002,1.394340795,Adaptive Play 0.5 to 1,Overly Complicated Normal Distributed Biased Fake Nash Equilibrium
5.0,1.0,0.43,0.21263397277499999,0.16040808472499998,1.2300168252750001,1.554748879725,Adaptive Play 0.5 to 1,Overly Complicated Normal Distributed Biased Fake Nash Equilibrium
0.0,0.5,0.5,0.375,0.375,0.375,0.375,Adaptive Play 0.5 to 1,Follow-your-heart
1.0,0.5,0.5,0.28125,0.28125,0.65625,0.65625,Adaptive Play 0.5 to 1,Follow-your-heart
2.0,0.5,0.5,0.2109375,0.2109375,0.8671875,0.8671875,Adaptive Play 0.5 to 1,Follow-your-heart
3.0,0.5,0.75,0.2109375,0.158203125,1.078125,1.025390625,Adaptive Play 0.5 to 1,Follow-your-heart
4.0,0.5,0.75,0.0791015625,0.059326171875,1.1572265625,1.084716796875,Adaptive Play 0.5 to 1,Follow-your-heart
5.0,1.0,0.5,0.0296630859375,0.0296630859375,1.1868896484375,1.1143798828125,Adaptive Play 0.5 to 1,Follow-your-heart
0.0,0.5,0.25,0.375,0.25,0.375,0.25,Adaptive Play 0.5 to 1,gregatron
1.0,0.5,0.15,0.478125,0.16874999999999998,0.853125,0.41874999999999996,Adaptive Play 0.5 to 1,gregatron
2.0,0.5,0.35,0.46617187500000007,0.50203125,1.319296875,0.92078125,Adaptive Play 0.5 to 1,gregatron
3.0,0.5,0.05,0.664294921875,0.06992578125000001,1.983591796875,0.99070703125,Adaptive Play 0.5 to 1,gregatron
4.0,0.5,0.25,0.7473317871093751,0.49822119140625004,2.7309235839843753,1.4889282226562501,Adaptive Play 0.5 to 1,gregatron
5.0,1.0,0.05,2.129895593261719,0.11209976806640627,4.8608191772460945,1.6010279907226563,Adaptive Play 0.5 to 1,gregatron
0.0,0.5,0.4,0.3,0.4,0.3,0.4,Adaptive Play 0.5 to 1,Guinea Pig
1.0,0.5,0.4,0.26999999999999996,0.36,0.57,0.76,Adaptive Play 0.5 to 1,Guinea Pig
2.0,0.5,0.4,0.24299999999999994,0.32399999999999995,0.813,1.084,Adaptive Play 0.5 to 1,Guinea Pig
3.0,0.5,0.4,0.21869999999999995,0.29159999999999997,1.0316999999999998,1.3756,Adaptive Play 0.5 to 1,Guinea Pig
4.0,0.5,0.4,0.19682999999999998,0.26243999999999995,1.22853,1.63804,Adaptive Play 0.5 to 1,Guinea Pig
5.0,1.0,0.4,0.354294,0.236196,1.582824,1.874236,Adaptive Play 0.5 to 1,Guinea Pig
0.0,0.5,0.0,0.5,0.0,0.5,0.0,Adaptive Play 0.5 to 1,any_gamblers?
1.0,0.5,0.0,0.75,0.0,1.25,0.0,Adaptive Play 0.5 to 1,any_gamblers?
2.0,0.5,0.0,1.125,0.0,2.375,0.0,Adaptive Play 0.5 to 1,any_gamblers?
3.0,0.5,0.0,1.6875,0.0,4.0625,0.0,Adaptive Play 0.5 to 1,any_gamblers?
4.0,0.5,0.0,2.53125,0.0,6.59375,0.0,Adaptive Play 0.5 to 1,any_gamblers?
5.0,1.0,0.0,7.59375,0.0,14.1875,0.0,Adaptive Play 0.5 to 1,any_gamblers?
0.0,0.5,0.5,0.375,0.375,0.375,0.375,Adaptive Play 0.5 to 1,gonna sleep
1.0,0.5,0.5,0.28125,0.28125,0.65625,0.65625,Adaptive Play 0.5 to 1,gonna sleep
2.0,0.5,0.5,0.2109375,0.2109375,0.8671875,0.8671875,Adaptive Play 0.5 to 1,gonna sleep
3.0,0.5,0.5,0.158203125,0.158203125,1.025390625,1.025390625,Adaptive Play 0.5 to 1,gonna sleep
4.0,0.5,0.5,0.11865234375,0.11865234375,1.14404296875,1.14404296875,Adaptive Play 0.5 to 1,gonna sleep
5.0,1.0,0.5,0.11865234375,0.11865234375,1.2626953125,1.2626953125,Adaptive Play 0.5 to 1,gonna sleep
0.0,0.0016756805661414798,0.1,0.0016756805661414798,0.09983243194338585,0.0016756805661414798,0.09983243194338585,FiftyFifty,increasing
1.0,0.4700659901172893,0.2,1.0136411488933466,0.5390951324942835,1.015316829459488,0.6389275644376694,FiftyFifty,increasing
2.0,0.1804987592680966,0.30000000000000004,0.618789121357249,0.8428287065682343,1.634105950816737,1.4817562710059038,FiftyFifty,increasing
3.0,0.35849959649834595,0.4,2.115076258553543,1.5138898749696381,3.7491822093702805,2.9956461459755417,FiftyFifty,increasing
4.0,0.2667939646349623,0.5,1.8175350679374471,2.4974846847129624,5.566717277307728,5.493130830688504,FiftyFifty,increasing
5.0,0.46483788258988656,0.6,3.4827764779279318,2.405806545726574,9.049493755235659,7.898937376415077,FiftyFifty,increasing
6.0,0.8036422277999561,0.7,1.1600446392380523,3.3681291640172026,10.20953839447371,11.26706654043228,FiftyFifty,increasing
7.0,0.9150657734329782,0.7999999999999999,0.155619354885658,0.6802542916749402,10.36515774935937,11.94732083210722,FiftyFifty,increasing
8.0,0.6228882610374635,0.9,0.026991401558008058,0.014707127287100857,10.392149150917378,11.962027959394321,FiftyFifty,increasing
9.0,0.8605085191880559,1.0,0.0042185361077778025,0.0006838396545891488,10.396367687025156,11.962711799048911,FiftyFifty,increasing
0.0,0.428574129361672,0.50001,0.428574129361672,0.28571864957787035,0.428574129361672,0.28571864957787035,FiftyFifty,Alternating For Fun
1.0,0.3416380657859686,0.1,0.263542848437283,0.08571216631813727,0.692116977798955,0.3714308158960076,FiftyFifty,Alternating For Fun
2.0,0.15818508621650568,0.9,0.2410107887032412,1.1543302409171545,0.9331277665021962,1.525761056813162,FiftyFifty,Alternating For Fun
3.0,0.4937043797033906,0.1,0.17096936866946075,0.038477674697238486,1.1040971351716569,1.5642387315104005,FiftyFifty,Alternating For Fun
4.0,0.13172437308496232,0.9,0.06928558587189358,0.4110331724506469,1.1733827210435503,1.9752719039610473,FiftyFifty,Alternating For Fun
5.0,0.4392436195139036,0.1,0.05416310952225136,0.013701105748354887,1.2275458305658018,1.9889730097094023,FiftyFifty,Alternating For Fun
6.0,0.5002280190784999,0.9,0.10376756371714164,0.0933056666295176,1.3313133942829434,2.08227867633892,FiftyFifty,Alternating For Fun
7.0,0.7935889128779905,0.1,0.02221390276376252,0.0031101888876505866,1.3535272970467058,2.085388865226571,FiftyFifty,Alternating For Fun
8.0,0.9496153970345698,0.9,0.0016460055617675082,0.015600052507750447,1.3551733026084734,2.1009889177343215,FiftyFifty,Alternating For Fun
9.0,0.687926288347062,0.50001,9.011682251549486e-05,0.00013100302864865106,1.355263419430989,2.10111992076297,FiftyFifty,Alternating For Fun
0.0,0.29553169255980727,0.5,0.29553169255980727,0.35223415372009637,0.29553169255980727,0.35223415372009637,FiftyFifty,Overly Complicated Normal Distributed Biased Fake Nash Equilibrium
1.0,0.1977673146418274,0.54,0.20898120811908028,0.4577694766422528,0.5045129006788875,0.8100036303623492,FiftyFifty,Overly Complicated Normal Distributed Biased Fake Nash Equilibrium
2.0,0.37794184874450976,0.54,0.4421372858802814,0.3929677433909568,0.946650186559169,1.202971373753306,FiftyFifty,Overly Complicated Normal Distributed Biased Fake Nash Equilibrium
3.0,0.11480877518937105,0.73,0.11529681578620851,0.6489364813131971,1.0619470023453774,1.8519078550665031,FiftyFifty,Overly Complicated Normal Distributed Biased Fake Nash Equilibrium
4.0,0.29589236944497954,0.76,0.21305813149423308,0.38531595416904607,1.2750051338396104,2.237223809235549,FiftyFifty,Overly Complicated Normal Distributed Biased Fake Nash Equilibrium
5.0,0.1328400036688765,0.76,0.04849140577783521,0.24057401861055838,1.3234965396174456,2.4777978278461075,FiftyFifty,Overly Complicated Normal Distributed Biased Fake Nash Equilibrium
6.0,0.6308082975188704,0.76,0.1437689246276836,0.06394891068256248,1.4672654642451293,2.54174673852867,FiftyFifty,Overly Complicated Normal Distributed Biased Fake Nash Equilibrium
7.0,0.6608553481521516,0.59,0.01641505419432097,0.03574407533941122,1.4836805184394501,2.5774908138680814,FiftyFifty,Overly Complicated Normal Distributed Biased Fake Nash Equilibrium
8.0,0.6232179888142879,0.59,0.0064575232226658326,0.014910566743527698,1.490138041662116,2.592401380611609,FiftyFifty,Overly Complicated Normal Distributed Biased Fake Nash Equilibrium
9.0,0.737500768461485,0.59,0.0035414714477350357,0.006910180990420549,1.493679513109851,2.5993115616020295,FiftyFifty,Overly Complicated Normal Distributed Biased Fake Nash Equilibrium
0.0,0.21302319502914868,0.5,0.21302319502914868,0.39348840248542566,0.21302319502914868,0.39348840248542566,FiftyFifty,Follow-your-heart
1.0,0.40312205535774875,0.21302319502914868,0.3744998804225418,0.25146647011308293,0.5875230754516905,0.6449548725985086,FiftyFifty,Follow-your-heart
2.0,0.2833459005791848,0.40312205535774875,0.4713449339529322,0.4805826181285584,1.0588680094046228,1.125537490727067,FiftyFifty,Follow-your-heart
3.0,0.17942213810950297,0.75,0.38301370423239034,1.3137700138567565,1.441881713637013,2.4393075045838235,FiftyFifty,Follow-your-heart
4.0,0.10691004569608575,0.75,0.140455212215573,0.8799861012308874,1.582336925852586,3.319293605814711,FiftyFifty,Follow-your-heart
5.0,0.4965291177595222,0.10691004569608575,0.39022558369757326,0.09407935429451451,1.972562509550159,3.4133729601092253,FiftyFifty,Follow-your-heart
6.0,0.8636891441378372,0.25,0.7689274317656609,0.2967608724290997,2.74148994131582,3.710133832538325,FiftyFifty,Follow-your-heart
7.0,0.7265585067200084,0.25,0.19838619534449475,0.09101638914122862,2.939876136660315,3.8011502216795536,FiftyFifty,Follow-your-heart
8.0,0.7522824894868652,0.7265585067200084,0.04607569540569293,0.1627410525034043,2.985951832066008,3.963891274182958,FiftyFifty,Follow-your-heart
9.0,0.6504913338690151,0.9,0.02960809204102685,0.014317571649961192,3.015559924107035,3.9782088458329192,FiftyFifty,Follow-your-heart
0.0,0.48941421176869543,0.05,0.4649435011802606,0.05,0.4649435011802606,0.05,FiftyFifty,gregatron
1.0,0.46196963773047595,0.3,0.47057088758099275,0.43655084893776536,0.9355143887612534,0.48655084893776535,FiftyFifty,gregatron
2.0,0.3675525968392078,0.35,0.3928009358481521,0.5754501479374826,1.3283153246094055,1.062000996875248,FiftyFifty,gregatron
3.0,0.48092456833069136,0.1,0.877643539064748,0.20276765881072328,2.2059588636741534,1.2647686556859712,FiftyFifty,gregatron
4.0,0.42882887094995353,0.25,0.9139831825118703,0.7104490426738211,3.119942046186024,1.9752176983597924,FiftyFifty,gregatron
5.0,0.10927888012788384,0.2,0.3990965060200517,0.6505990661017457,3.5190385522060756,2.625816764461538,FiftyFifty,gregatron
6.0,0.8662880663702728,0.35,4.3961284142535755,2.7325160776273316,7.915166966459651,5.35833284208887,FiftyFifty,gregatron
7.0,0.7675545144049187,0.15,1.3280903413790648,0.3053449356030186,9.243257307838716,5.6636777776918885,FiftyFifty,gregatron
8.0,0.9217626957560108,0.3,0.7785346147430356,0.3619778643342367,10.021791922581752,6.025655642026125,FiftyFifty,gregatron
9.0,0.8789040105084012,0.35,0.11325274421408013,0.06938442213869245,10.135044666795832,6.0950400641648175,FiftyFifty,gregatron
0.0,0.038541932348868546,0.4,0.038541932348868546,0.3845832270604526,0.038541932348868546,0.3845832270604526,FiftyFifty,Guinea Pig
1.0,0.237617920782752,0.9,0.41122740051911594,1.1874574091276289,0.4497693328679845,1.5720406361880814,FiftyFifty,Guinea Pig
2.0,0.13759378982631304,0.9,0.05446225505973506,0.3072211931845271,0.5042315879277195,1.8792618293726084,FiftyFifty,Guinea Pig
3.0,0.050843590553899864,0.9,0.00520674285191822,0.0874802893886317,0.5094383307796377,1.9667421187612402,FiftyFifty,Guinea Pig
4.0,0.07894592479974366,0.9,0.002302070782511575,0.024172223112329066,0.5117404015621493,1.9909143418735693,FiftyFifty,Guinea Pig
5.0,0.4985714745452876,0.9,0.004017193640050529,0.003636192657653245,0.5157575952021998,1.9945505345312224,FiftyFifty,Guinea Pig
6.0,0.9614978371194486,0.9,0.00011653971252277364,0.0010908577972959731,0.5158741349147226,1.9956413923285183,FiftyFifty,Guinea Pig
7.0,0.7706741752352808,0.9,1.0789537251413504e-05,2.889531851030567e-06,0.515884924451974,1.9956442818603695,FiftyFifty,Guinea Pig
8.0,0.5080188186020713,0.4,2.935873114547209e-07,3.8527091347074215e-07,0.5158852180392854,1.9956446671312829,FiftyFifty,Guinea Pig
9.0,0.6659779840805585,0.4,3.4083042044928147e-07,3.411828705016708e-07,0.5158855588697059,1.9956450083141533,FiftyFifty,Guinea Pig
0.0,0.35144372231174503,0.0,0.35144372231174503,0.0,0.35144372231174503,0.0,FiftyFifty,any_gamblers?
1.0,0.3305216023463137,0.0,0.6430855803398485,0.0,0.9945293026515936,0.0,FiftyFifty,any_gamblers?
2.0,0.057404325249436616,0.0,0.22432173811167058,0.0,1.2188510407632642,0.0,FiftyFifty,any_gamblers?
3.0,0.4098731907867427,0.0,4.529215186849644,0.0,5.748066227612908,0.0,FiftyFifty,any_gamblers?
4.0,0.30088572079492565,0.0,5.886289524924409,0.0,11.634355752537317,0.0,FiftyFifty,any_gamblers?
5.0,0.0978669367203821,0.0,4.015553939626536,0.0,15.649909692163853,0.0,FiftyFifty,any_gamblers?
6.0,0.5246709096146547,0.0,58.262391782734724,0.0,73.91230147489858,0.0,FiftyFifty,any_gamblers?
7.0,0.928443553825494,0.0,147.01866607897378,0.0,220.93096755387236,0.0,FiftyFifty,any_gamblers?
8.0,0.9287288925319449,0.0,31.57009926051985,0.0,252.5010668143922,0.0,FiftyFifty,any_gamblers?
9.0,0.5106877326588042,0.66,3.7117368493514236,2.347209164960823,256.2128036637436,2.347209164960823,FiftyFifty,any_gamblers?
0.0,0.4215926499835581,0.5,0.4215926499835581,0.289203675008221,0.4215926499835581,0.289203675008221,FiftyFifty,gonna sleep
1.0,0.22136109212207833,0.5,0.1920553240366152,0.33777785049402387,0.6136479740201733,0.6269815255022448,FiftyFifty,gonna sleep
2.0,0.05602183233158692,0.5,0.05676880231710012,0.47828237458248574,0.6704167763372735,1.1052639000847306,FiftyFifty,gonna sleep
3.0,0.1436406745390965,0.5,0.20610240871556723,0.614372357515945,0.8765191850528407,1.7196362576006756,FiftyFifty,gonna sleep
4.0,0.13772574830322926,0.5,0.25384467802710786,0.7946361972603635,1.1303638630799484,2.514272454861039,FiftyFifty,gonna sleep
5.0,0.2263288316608733,0.5,0.539547246364132,0.9221806727084794,1.6699111094440804,3.4364531275695187,FiftyFifty,gonna sleep
6.0,0.6818401388522417,0.5,0.943169696889605,1.3832710090627192,2.6130808063336852,4.819724136632238,FiftyFifty,gonna sleep
7.0,0.7328592615732188,0.5,0.48379848398488967,0.6601519682596713,3.096879290318575,5.479876104891909,FiftyFifty,gonna sleep
8.0,0.5444412100471218,0.5,0.14402115656188222,0.2645302264121724,3.240900446880457,5.744406331304082,FiftyFifty,gonna sleep
9.0,0.7651735691995958,0.5,0.13831553264740487,0.18076360477543524,3.379215979527862,5.9251699360795165,FiftyFifty,gonna sleep
0.0,0.1,0.50001,0.1,0.450009,0.1,0.450009,increasing,Alternating For Fun
1.0,0.2,0.1,0.24299514000000003,0.13499730000000001,0.34299514000000003,0.5850063,increasing,Alternating For Fun
2.0,0.30000000000000004,0.9,0.8747825040000002,1.8370432584000003,1.2177776440000003,2.4220495584000004,increasing,Alternating For Fun
3.0,0.4,0.1,0.22044519100800006,0.061234775280000014,1.4382228350080004,2.4832843336800003,increasing,Alternating For Fun
4.0,0.5,0.9,0.496001679768,0.4464015117912,1.9342245147760004,2.9296858454712003,increasing,Alternating For Fun
5.0,0.6,0.1,0.08035227212241601,0.014880050393040002,2.0145767868984166,2.9445658958642404,increasing,Alternating For Fun
6.0,0.7,0.9,0.11249318097138239,0.04339022694610464,2.127069967869799,2.987956122810345,increasing,Alternating For Fun
7.0,0.7999999999999999,0.1,0.010413654467065114,0.001446340898203488,2.1374836223368643,2.9894024637085486,increasing,Alternating For Fun
8.0,0.9,0.9,0.003866069220897925,0.003866069220897925,2.141349691557762,2.9932685329294464,increasing,Alternating For Fun
9.0,1.0,0.50001,0.00011715126968222623,0.0001171559558267364,2.141466842827444,2.9933856888852732,increasing,Alternating For Fun
0.0,0.1,0.5,0.1,0.45,0.1,0.45,increasing,Overly Complicated Normal Distributed Biased Fake Nash Equilibrium
1.0,0.2,0.5,0.27,0.54,0.37,0.99,increasing,Overly Complicated Normal Distributed Biased Fake Nash Equilibrium
2.0,0.30000000000000004,0.5,0.4860000000000001,0.567,0.8560000000000001,1.557,increasing,Overly Complicated Normal Distributed Biased Fake Nash Equilibrium
3.0,0.4,0.54,0.6804,0.5511240000000001,1.5364,2.108124,increasing,Overly Complicated Normal Distributed Biased Fake Nash Equilibrium
4.0,0.5,0.79,0.7042139999999999,0.5563290599999999,2.240614,2.66445306,increasing,Overly Complicated Normal Distributed Biased Fake Nash Equilibrium
5.0,0.6,1.0,0.2661928919999999,0.177461928,2.5068068919999997,2.841914988,increasing,Overly Complicated Normal Distributed Biased Fake Nash Equilibrium
0.0,0.1,0.5,0.1,0.45,0.1,0.45,increasing,Follow-your-heart
1.0,0.2,0.1,0.24300000000000002,0.135,0.343,0.585,increasing,Follow-your-heart
2.0,0.30000000000000004,0.2,0.6998400000000001,0.5832,1.0428400000000002,1.1682000000000001,increasing,Follow-your-heart
3.0,0.4,0.75,1.9595520000000002,2.204496,3.0023920000000004,3.372696,increasing,Follow-your-heart
4.0,0.5,0.75,1.102248,0.8266859999999999,4.10464,4.199382,increasing,Follow-your-heart
5.0,0.6,0.5,0.24800579999999997,0.41334299999999996,4.3526457999999995,4.612725,increasing,Follow-your-heart
6.0,0.7,0.25,0.26040609,0.1240029,4.6130518899999995,4.7367279,increasing,Follow-your-heart
7.0,0.7999999999999999,0.25,0.20088469799999997,0.0837019575,4.813936588,4.8204298575,increasing,Follow-your-heart
8.0,0.9,0.7999999999999999,0.027119434230000024,0.12053081880000004,4.84105602223,4.9409606763,increasing,Follow-your-heart
9.0,1.0,0.9,0.0009039811409999998,0.008135830269000008,4.841960003371,4.949096506569,increasing,Follow-your-heart
0.0,0.1,0.25,0.1,0.225,0.1,0.225,increasing,gregatron
1.0,0.2,0.25,0.4050000000000001,0.4050000000000001,0.5050000000000001,0.6300000000000001,increasing,gregatron
2.0,0.30000000000000004,0.5,1.0935000000000004,1.2757500000000004,1.5985000000000005,1.9057500000000005,increasing,gregatron
3.0,0.4,0.7,1.5309000000000006,1.6074450000000002,3.1294000000000013,3.5131950000000005,increasing,gregatron
4.0,0.5,0.75,1.0333575000000002,0.7750181250000001,4.162757500000001,4.288213125,increasing,gregatron
5.0,0.6,0.9,0.46501087500000005,0.27900652500000006,4.627768375000001,4.56721965,increasing,gregatron
6.0,0.7,0.6,0.026040609000000006,0.05580130500000001,4.653808984000001,4.623020955,increasing,gregatron
7.0,0.7999999999999999,0.9,0.026784626400000008,0.006026540940000006,4.680593610400001,4.62904749594,increasing,gregatron
8.0,0.9,0.45,0.0009943792551000002,0.0009039811410000002,4.6815879896551005,4.629951477081,increasing,gregatron
9.0,1.0,0.75,8.286493792499991e-05,0.00024859481377499974,4.681670854593025,4.630200071894775,increasing,gregatron
0.0,0.1,0.4,0.1,0.36000000000000004,0.1,0.36000000000000004,increasing,Guinea Pig
1.0,0.2,0.9,0.32400000000000007,1.1664,0.42400000000000004,1.5264000000000002,increasing,Guinea Pig
2.0,0.30000000000000004,0.9,0.11663999999999997,0.24494399999999986,0.54064,1.771344,increasing,Guinea Pig
3.0,0.4,0.9,0.03265919999999999,0.044089919999999984,0.5732992,1.81543392,increasing,Guinea Pig
4.0,0.5,0.9,0.0073483199999999915,0.006613487999999993,0.58064752,1.822047408,increasing,Guinea Pig
5.0,0.6,0.9,0.0013226975999999975,0.0007936185599999986,0.5819702176,1.82284102656,increasing,Guinea Pig
6.0,0.7,0.4,0.00011110659839999982,0.00010581580799999985,0.5820813241984,1.822946842368,increasing,Guinea Pig
7.0,0.7999999999999999,0.4,6.856864358399991e-05,5.7140536319999925e-05,0.5821498928419839,1.82300398290432,increasing,Guinea Pig
8.0,0.9,0.4,2.7770300651519963e-05,2.0570593075199978e-05,0.5821776631426354,1.8230245534973952,increasing,Guinea Pig
9.0,1.0,0.4,5.554060130303992e-06,3.7027067535359952e-06,0.5821832172027657,1.8230282562041487,increasing,Guinea Pig
0.0,0.1,0.0,0.1,0.0,0.1,0.0,increasing,any_gamblers?
1.0,0.2,0.0,0.54,0.0,0.64,0.0,increasing,any_gamblers?
2.0,0.30000000000000004,0.0,1.9440000000000004,0.0,2.5840000000000005,0.0,increasing,any_gamblers?
3.0,0.4,0.0,5.4432,0.0,8.0272,0.0,increasing,any_gamblers?
4.0,0.5,0.0,12.2472,0.0,20.2744,0.0,increasing,any_gamblers?
5.0,0.6,0.0,22.04496,0.0,42.31936,0.0,increasing,any_gamblers?
6.0,0.7,0.0,30.86294399999999,0.0,73.18230399999999,0.0,increasing,any_gamblers?
7.0,0.7999999999999999,0.0,31.7447424,0.0,104.9270464,0.0,increasing,any_gamblers?
8.0,0.9,0.0,21.427701120000005,0.0,126.35474752,0.0,increasing,any_gamblers?
9.0,1.0,0.66,2.4284727935999992,4.7140942464,128.7832203136,4.7140942464,increasing,any_gamblers?
0.0,0.1,0.5,0.1,0.45,0.1,0.45,increasing,gonna sleep
1.0,0.2,0.5,0.27,0.54,0.37,0.99,increasing,gonna sleep
2.0,0.30000000000000004,0.5,0.4860000000000001,0.567,0.8560000000000001,1.557,increasing,gonna sleep
3.0,0.4,0.5,0.6804,0.5103,1.5364,2.0673,increasing,gonna sleep
4.0,0.5,0.5,0.5740875,0.5740875,2.1104875,2.6413875,increasing,gonna sleep
5.0,0.6,0.5,0.3444525,0.5740875,2.45494,3.215475,increasing,gonna sleep
6.0,0.7,0.5,0.24111674999999994,0.34445249999999994,2.69605675,3.5599275,increasing,gonna sleep
7.0,0.7999999999999999,0.5,0.1240029,0.155003625,2.8200596499999997,3.714931125,increasing,gonna sleep
8.0,0.9,0.5,0.04185097875000001,0.04650108750000001,2.8619106287499996,3.7614322125,increasing,gonna sleep
9.0,1.0,0.5,0.0069751631249999994,0.0069751631249999994,2.8688857918749995,3.768407375625,increasing,gonna sleep
0.0,0.50001,0.5,0.250005,0.5,0.250005,0.5,Alternating For Fun,Overly Complicated Normal Distributed Biased Fake Nash Equilibrium
1.0,0.1,0.46,0.07499850000000001,0.3104937900000001,0.3250035,0.8104937900000001,Alternating For Fun,Overly Complicated Normal Distributed Biased Fake Nash Equilibrium
2.0,0.9,0.46,0.5314303711800001,0.5029999398000001,0.8564338711800001,1.3134937298000002,Alternating For Fun,Overly Complicated Normal Distributed Biased Fake Nash Equilibrium
3.0,0.1,0.49,0.017714345706,0.07812026456346,0.8741482168860002,1.3916139943634602,Alternating For Fun,Overly Complicated Normal Distributed Biased Fake Nash Equilibrium
4.0,0.9,0.49,0.11196228203057361,0.11952400478209381,0.9861104989165738,1.511137999145554,Alternating For Fun,Overly Complicated Normal Distributed Biased Fake Nash Equilibrium
5.0,0.1,0.49,0.0037320760676857858,0.016458455458494312,0.9898425749842595,1.5275964546040484,Alternating For Fun,Overly Complicated Normal Distributed Biased Fake Nash Equilibrium
6.0,0.9,0.49,0.02358832554048327,0.0251814368514963,1.0134309005247428,1.5527778914555446,Alternating For Fun,Overly Complicated Normal Distributed Biased Fake Nash Equilibrium
7.0,0.1,0.5,0.0007862775180161084,0.0035382488310724872,1.014217178042759,1.556316140286617,Alternating For Fun,Overly Complicated Normal Distributed Biased Fake Nash Equilibrium
8.0,0.9,0.5,0.004776635921947858,0.005307373246608731,1.0189938139647068,1.5616235135332257,Alternating For Fun,Overly Complicated Normal Distributed Biased Fake Nash Equilibrium
9.0,0.50001,0.5,0.0003980609545555244,0.0007961059869913091,1.0193918749192623,1.562419619520217,Alternating For Fun,Overly Complicated Normal Distributed Biased Fake Nash Equilibrium
0.0,0.50001,0.5,0.250005,0.5,0.250005,0.5,Alternating For Fun,Follow-your-heart
1.0,0.1,0.50001,0.07499850000000001,0.33749999986500007,0.3250035,0.8374999998650001,Alternating For Fun,Follow-your-heart
2.0,0.9,0.1,0.8200921953280502,0.10124595004050004,1.1450956953280502,0.9387459499055002,Alternating For Fun,Follow-your-heart
3.0,0.1,0.75,0.02733640651093501,0.1845207439488113,1.1724321018389852,1.1232666938543114,Alternating For Fun,Follow-your-heart
4.0,0.9,0.75,0.04151716738848255,0.1383905579616085,1.2139492692274678,1.26165725181592,Alternating For Fun,Follow-your-heart
5.0,0.1,0.9,0.0013839055796160855,0.011209635194890294,1.215333174807084,1.2728668870108102,Alternating For Fun,Follow-your-heart
6.0,0.9,0.25,0.002522167918850314,0.000934136266240857,1.2178553427259342,1.2738010232770511,Alternating For Fun,Follow-your-heart
7.0,0.1,0.25,8.407226396167705e-05,0.00018916259391377335,1.2179394149898959,1.273990185870965,Alternating For Fun,Follow-your-heart
8.0,0.9,0.1,0.0013789953096314078,0.00017024633452239604,1.2193184102995274,1.2741604322054874,Alternating For Fun,Follow-your-heart
9.0,0.50001,0.9,0.00022983714825626668,0.00020684515945878227,1.2195482474477837,1.2743672773649461,Alternating For Fun,Follow-your-heart
0.0,0.50001,0.4,0.30000599999999994,0.4,0.30000599999999994,0.4,Alternating For Fun,Guinea Pig
1.0,0.1,0.4,0.08999820000000001,0.32399352000000003,0.39000419999999997,0.7239935200000001,Alternating For Fun,Guinea Pig
2.0,0.9,0.9,0.7216955658,0.7216955658,1.1116997658,1.4456890858000002,Alternating For Fun,Guinea Pig
3.0,0.1,0.9,0.004373912519999967,0.03542869141199974,1.11607367832,1.4811177772119999,Alternating For Fun,Guinea Pig
4.0,0.9,0.9,0.005845734082979953,0.005845734082979953,1.12191941240298,1.48696351129498,Alternating For Fun,Guinea Pig
5.0,0.1,0.9,3.542869141199938e-05,0.000286972400437195,1.121954841094392,1.4872504836954172,Alternating For Fun,Guinea Pig
6.0,0.9,0.9,4.7350446072137126e-05,4.7350446072137126e-05,1.122002191540464,1.4872978341414893,Alternating For Fun,Guinea Pig
7.0,0.1,0.9,2.869724004371906e-07,2.3244764435412436e-06,1.1220024785128646,1.4873001586179329,Alternating For Fun,Guinea Pig
8.0,0.9,0.9,3.8353861318430537e-07,3.8353861318430537e-07,1.1220028620514777,1.487300542156546,Alternating For Fun,Guinea Pig
9.0,0.50001,0.9,1.1622614665350462e-08,1.0459934793055579e-08,1.1220028736740923,1.4873005526164806,Alternating For Fun,Guinea Pig
0.0,0.50001,0.0,0.50001,0.0,0.50001,0.0,Alternating For Fun,any_gamblers?
1.0,0.1,0.0,0.14999700000000002,0.0,0.650007,0.0,Alternating For Fun,any_gamblers?
2.0,0.9,0.0,3.6449271000000008,0.0,4.294934100000001,0.0,Alternating For Fun,any_gamblers?
3.0,0.1,0.0,0.12149757000000005,0.0,4.416431670000001,0.0,Alternating For Fun,any_gamblers?
4.0,0.9,0.0,2.9523909510000017,0.0,7.368822621000002,0.0,Alternating For Fun,any_gamblers?
5.0,0.1,0.0,0.0984130317,0.0,7.467235652700002,0.0,Alternating For Fun,any_gamblers?
6.0,0.9,0.0,2.3914366703099996,0.0,9.858672323010001,0.0,Alternating For Fun,any_gamblers?
7.0,0.1,0.0,0.07971455567699999,0.0,9.938386878687002,0.0,Alternating For Fun,any_gamblers?
8.0,0.9,0.0,1.9370637029510995,0.0,11.875450581638102,0.0,Alternating For Fun,any_gamblers?
9.0,0.50001,0.66,0.3228504073708598,0.21307274578447455,12.198300989008962,0.21307274578447455,Alternating For Fun,any_gamblers?
0.0,0.50001,0.5,0.250005,0.5,0.250005,0.5,Alternating For Fun,gonna sleep
1.0,0.1,0.5,0.07499850000000001,0.3374932500000001,0.3250035,0.8374932500000001,Alternating For Fun,gonna sleep
2.0,0.9,0.5,0.4556158875000001,0.5062398750000001,0.7806193875,1.3437331250000002,Alternating For Fun,gonna sleep
3.0,0.1,0.5,0.015187196250000007,0.06834238312500003,0.79580658375,1.4120755081250003,Alternating For Fun,gonna sleep
4.0,0.9,0.5,0.09226221721875005,0.10251357468750005,0.8880688009687501,1.5145890828125004,Alternating For Fun,gonna sleep
5.0,0.1,0.5,0.003075407240625,0.013839332582812499,0.8911442082093751,1.528428415395313,Alternating For Fun,gonna sleep
6.0,0.9,0.5,0.018683098986796872,0.020758998874218747,0.909827307196172,1.5491874142695317,Alternating For Fun,gonna sleep
7.0,0.1,0.5,0.0006227699662265624,0.0028024648480195306,0.9104500771623986,1.5519898791175513,Alternating For Fun,gonna sleep
8.0,0.9,0.5,0.0037833275448263663,0.004203697272029296,0.9142334047072249,1.5561935763895807,Alternating For Fun,gonna sleep
9.0,0.50001,0.5,0.00031528360094810527,0.0006305545908043945,0.914548688308173,1.556824130980385,Alternating For Fun,gonna sleep
0.0,0.5,0.5,0.375,0.375,0.375,0.375,Overly Complicated Normal Distributed Biased Fake Nash Equilibrium,Follow-your-heart
1.0,0.46,0.5,0.34500000000000003,0.20249999999999999,0.72,0.5775,Overly Complicated Normal Distributed Biased Fake Nash Equilibrium,Follow-your-heart
2.0,0.44,0.46,0.2673,0.156492,0.9873,0.733992,Overly Complicated Normal Distributed Biased Fake Nash Equilibrium,Follow-your-heart
3.0,0.41000000000000003,0.75,0.22596083999999994,0.24387236999999992,1.2132608399999998,0.9778643699999999,Overly Complicated Normal Distributed Biased Fake Nash Equilibrium,Follow-your-heart
4.0,0.45,0.75,0.10974256649999997,0.10059735262499997,1.3230034064999998,1.078461722625,Overly Complicated Normal Distributed Biased Fake Nash Equilibrium,Follow-your-heart
5.0,0.45,0.45,0.03508332672796873,0.03508332672796873,1.3580867332279685,1.1135450493529686,Overly Complicated Normal Distributed Biased Fake Nash Equilibrium,Follow-your-heart
6.0,0.45,0.25,0.03081108290867576,0.02282302437679686,1.3888978161366443,1.1363680737297654,Overly Complicated Normal Distributed Biased Fake Nash Equilibrium,Follow-your-heart
7.0,0.45,0.25,0.038128715099486246,0.02824349266628611,1.4270265312361305,1.1646115663960515,Overly Complicated Normal Distributed Biased Fake Nash Equilibrium,Follow-your-heart
8.0,0.45,0.45,0.04875709443346805,0.04875709443346805,1.4757836256695986,1.2133686608295196,Overly Complicated Normal Distributed Biased Fake Nash Equilibrium,Follow-your-heart
9.0,0.44,0.9,0.05582425177715781,0.06394414294474442,1.5316078774467565,1.277312803774264,Overly Complicated Normal Distributed Biased Fake Nash Equilibrium,Follow-your-heart
0.0,0.5,0.3,0.35,0.3,0.35,0.3,Overly Complicated Normal Distributed Biased Fake Nash Equilibrium,gregatron
1.0,0.54,0.35,0.36855,0.36749999999999994,0.71855,0.6675,Overly Complicated Normal Distributed Biased Fake Nash Equilibrium,gregatron
2.0,0.67,0.1,0.5679355499999998,0.09418499999999996,1.2864855499999999,0.761685,Overly Complicated Normal Distributed Biased Fake Nash Equilibrium,gregatron
3.0,0.67,0.1,0.5060305750499997,0.08391883499999996,1.7925161250499997,0.8456038349999999,Overly Complicated Normal Distributed Biased Fake Nash Equilibrium,gregatron
4.0,0.67,0.15,0.4258247289045747,0.11215752297749991,2.218340853954574,0.9577613579774998,Overly Complicated Normal Distributed Biased Fake Nash Equilibrium,gregatron
5.0,0.67,0.3,0.2950965371308702,0.18876111117113228,2.513437391085444,1.1465224691486322,Overly Complicated Normal Distributed Biased Fake Nash Equilibrium,gregatron
6.0,0.67,0.1,0.26293101458360535,0.043603816680531565,2.7763684056690496,1.1901262858291637,Overly Complicated Normal Distributed Biased Fake Nash Equilibrium,gregatron
7.0,0.67,0.35,0.16919610788455006,0.1359785023182377,2.9455645135535997,1.3261047881474013,Overly Complicated Normal Distributed Biased Fake Nash Equilibrium,gregatron
8.0,0.7000000000000001,0.2,0.14000346598685756,0.05000123785244912,3.0855679795404574,1.3761060259998503,Overly Complicated Normal Distributed Biased Fake Nash Equilibrium,gregatron
9.0,0.7000000000000001,0.3,0.08820218357172023,0.05400133688064503,3.1737701631121777,1.4301073628804954,Overly Complicated Normal Distributed Biased Fake Nash Equilibrium,gregatron
0.0,0.5,0.4,0.3,0.4,0.3,0.4,Overly Complicated Normal Distributed Biased Fake Nash Equilibrium,Guinea Pig
1.0,0.8200000000000001,0.4,0.44279999999999997,0.36,0.7427999999999999,0.76,Overly Complicated Normal Distributed Biased Fake Nash Equilibrium,Guinea Pig
2.0,0.86,0.4,0.1504655999999999,0.11663999999999995,0.8932655999999998,0.87664,Overly Complicated Normal Distributed Biased Fake Nash Equilibrium,Guinea Pig
3.0,0.89,0.4,0.0392400288,0.02939328,0.9325056287999998,0.9060332799999999,Overly Complicated Normal Distributed Biased Fake Nash Equilibrium,Guinea Pig
4.0,0.89,0.4,0.007769525702399997,0.0058198694399999975,0.9402751545023997,0.91185314944,Overly Complicated Normal Distributed Biased Fake Nash Equilibrium,Guinea Pig
5.0,0.89,0.4,0.0015383660890751997,0.0011523341491199996,0.9418135205914749,0.9130054835891199,Overly Complicated Normal Distributed Biased Fake Nash Equilibrium,Guinea Pig
6.0,0.89,0.4,0.0003045964856368894,0.00022816216152575985,0.9421181170771118,0.9132336457506457,Overly Complicated Normal Distributed Biased Fake Nash Equilibrium,Guinea Pig
7.0,0.93,0.4,6.302067063503014e-05,4.5176107982100464e-05,0.9421811377477468,0.9132788218586277,Overly Complicated Normal Distributed Biased Fake Nash Equilibrium,Guinea Pig
8.0,0.93,0.4,7.940604500013792e-06,5.692189605744654e-06,0.9421890783522469,0.9132845140482335,Overly Complicated Normal Distributed Biased Fake Nash Equilibrium,Guinea Pig
9.0,0.93,0.4,1.0005161670017367e-06,7.172158903238257e-07,0.9421900788684139,0.9132852312641239,Overly Complicated Normal Distributed Biased Fake Nash Equilibrium,Guinea Pig
0.0,0.5,0.0,0.5,0.0,0.5,0.0,Overly Complicated Normal Distributed Biased Fake Nash Equilibrium,any_gamblers?
1.0,0.5,0.0,0.75,0.0,1.25,0.0,Overly Complicated Normal Distributed Biased Fake Nash Equilibrium,any_gamblers?
2.0,0.5,0.0,1.125,0.0,2.375,0.0,Overly Complicated Normal Distributed Biased Fake Nash Equilibrium,any_gamblers?
3.0,0.5,0.0,1.6875,0.0,4.0625,0.0,Overly Complicated Normal Distributed Biased Fake Nash Equilibrium,any_gamblers?
4.0,0.5,0.0,2.53125,0.0,6.59375,0.0,Overly Complicated Normal Distributed Biased Fake Nash Equilibrium,any_gamblers?
5.0,0.5,0.0,3.796875,0.0,10.390625,0.0,Overly Complicated Normal Distributed Biased Fake Nash Equilibrium,any_gamblers?
6.0,0.5,0.0,5.6953125,0.0,16.0859375,0.0,Overly Complicated Normal Distributed Biased Fake Nash Equilibrium,any_gamblers?
7.0,0.5,0.0,8.54296875,0.0,24.62890625,0.0,Overly Complicated Normal Distributed Biased Fake Nash Equilibrium,any_gamblers?
8.0,0.5,0.0,12.814453125,0.0,37.443359375,0.0,Overly Complicated Normal Distributed Biased Fake Nash Equilibrium,any_gamblers?
9.0,0.49,0.66,18.83724609375,12.940034765625,56.28060546875,12.940034765625,Overly Complicated Normal Distributed Biased Fake Nash Equilibrium,any_gamblers?
0.0,0.5,0.5,0.375,0.375,0.375,0.375,Overly Complicated Normal Distributed Biased Fake Nash Equilibrium,gonna sleep
1.0,0.46,0.5,0.34500000000000003,0.20249999999999999,0.72,0.5775,Overly Complicated Normal Distributed Biased Fake Nash Equilibrium,gonna sleep
2.0,0.44,0.5,0.2673,0.17009999999999997,0.9873,0.7476,Overly Complicated Normal Distributed Biased Fake Nash Equilibrium,gonna sleep
3.0,0.43,0.5,0.21942899999999999,0.1454355,1.206729,0.8930355000000001,Overly Complicated Normal Distributed Biased Fake Nash Equilibrium,gonna sleep
4.0,0.43,0.5,0.187611795,0.1243473525,1.394340795,1.0173828525000002,Overly Complicated Normal Distributed Biased Fake Nash Equilibrium,gonna sleep
5.0,0.43,0.5,0.16040808472499998,0.10631698638749999,1.554748879725,1.1236998388875001,Overly Complicated Normal Distributed Biased Fake Nash Equilibrium,gonna sleep
6.0,0.43,0.5,0.13714891243987498,0.0909010233613125,1.691897792164875,1.2146008622488127,Overly Complicated Normal Distributed Biased Fake Nash Equilibrium,gonna sleep
7.0,0.43,0.5,0.11726232013609313,0.0777203749739222,1.8091601123009682,1.2923212372227348,Overly Complicated Normal Distributed Biased Fake Nash Equilibrium,gonna sleep
8.0,0.43,0.5,0.10025928371635964,0.06645092060270348,1.9094193960173278,1.3587721578254384,Overly Complicated Normal Distributed Biased Fake Nash Equilibrium,gonna sleep
9.0,0.42,0.5,0.08372815995940638,0.057812300924352036,1.9931475559767342,1.4165844587497904,Overly Complicated Normal Distributed Biased Fake Nash Equilibrium,gonna sleep
0.0,0.5,0.4,0.3,0.4,0.3,0.4,Follow-your-heart,Guinea Pig
1.0,0.4,0.4,0.28800000000000003,0.28800000000000003,0.5880000000000001,0.6880000000000001,Follow-your-heart,Guinea Pig
2.0,0.4,0.4,0.3110399999999999,0.3110399999999999,0.8990400000000001,0.9990399999999999,Follow-your-heart,Guinea Pig
3.0,0.75,0.4,0.47239199999999965,0.41990399999999967,1.3714319999999998,1.4189439999999995,Follow-your-heart,Guinea Pig
4.0,0.75,0.4,0.21257639999999983,0.18895679999999987,1.5840083999999997,1.6079007999999995,Follow-your-heart,Guinea Pig
5.0,0.4,0.4,0.06802444799999996,0.06802444799999996,1.6520328479999997,1.6759252479999995,Follow-your-heart,Guinea Pig
6.0,0.25,0.4,0.057395627999999935,0.06887475359999994,1.7094284759999996,1.7448000015999994,Follow-your-heart,Guinea Pig
7.0,0.25,0.9,0.07748409779999992,0.20920706405999975,1.7869125737999996,1.954007065659999,Follow-your-heart,Guinea Pig
8.0,0.9,0.9,0.03451916556989997,0.03451916556989997,1.8214317393698995,1.988526231229899,Follow-your-heart,Guinea Pig
9.0,0.9,0.9,0.001035574967096989,0.001035574967096989,1.8224673143369965,1.989561806196996,Follow-your-heart,Guinea Pig
0.0,0.5,0.0,0.5,0.0,0.5,0.0,Follow-your-heart,any_gamblers?
1.0,0.0,0.0,0.0,0.0,0.5,0.0,Follow-your-heart,any_gamblers?
2.0,0.0,0.0,0.0,0.0,0.5,0.0,Follow-your-heart,any_gamblers?
3.0,0.75,0.0,10.125,0.0,10.625,0.0,Follow-your-heart,any_gamblers?
4.0,0.75,0.0,7.59375,0.0,18.21875,0.0,Follow-your-heart,any_gamblers?
5.0,0.0,0.0,0.0,0.0,18.21875,0.0,Follow-your-heart,any_gamblers?
6.0,0.25,0.0,5.6953125,0.0,23.9140625,0.0,Follow-your-heart,any_gamblers?
7.0,0.25,0.0,12.814453125,0.0,36.728515625,0.0,Follow-your-heart,any_gamblers?
8.0,0.0,0.0,0.0,0.0,36.728515625,0.0,Follow-your-heart,any_gamblers?
9.0,0.9,0.66,105.87301171874999,228.3535546875,142.60152734374998,228.3535546875,Follow-your-heart,any_gamblers?
0.0,0.5,0.5,0.375,0.375,0.375,0.375,Follow-your-heart,gonna sleep
1.0,0.5,0.5,0.28125,0.28125,0.65625,0.65625,Follow-your-heart,gonna sleep
2.0,0.5,0.5,0.2109375,0.2109375,0.8671875,0.8671875,Follow-your-heart,gonna sleep
3.0,0.75,0.5,0.158203125,0.2109375,1.025390625,1.078125,Follow-your-heart,gonna sleep
4.0,0.75,0.5,0.059326171875,0.0791015625,1.084716796875,1.1572265625,Follow-your-heart,gonna sleep
5.0,0.5,0.5,0.022247314453125,0.022247314453125,1.106964111328125,1.179473876953125,Follow-your-heart,gonna sleep
6.0,0.25,0.5,0.0111236572265625,0.01668548583984375,1.1180877685546875,1.1961593627929688,Follow-your-heart,gonna sleep
7.0,0.25,0.5,0.012514114379882812,0.01877117156982422,1.1306018829345703,1.214930534362793,Follow-your-heart,gonna sleep
8.0,0.5,0.5,0.021117568016052246,0.021117568016052246,1.1517194509506226,1.2360481023788452,Follow-your-heart,gonna sleep
9.0,0.9,0.5,0.019005811214447024,0.021117568016052246,1.1707252621650697,1.2571656703948975,Follow-your-heart,gonna sleep
0.0,0.1,0.4,0.1,0.36000000000000004,0.1,0.36000000000000004,gregatron,Guinea Pig
1.0,0.15,0.9,0.243,1.2393000000000003,0.34299999999999997,1.5993000000000004,gregatron,Guinea Pig
2.0,0.2,0.9,0.08261999999999997,0.29743199999999986,0.42561999999999994,1.8967320000000003,gregatron,Guinea Pig
3.0,0.2,0.9,0.01982879999999998,0.07138367999999994,0.4454487999999999,1.9681156800000001,gregatron,Guinea Pig
4.0,0.35,0.9,0.008328095999999983,0.01391981759999997,0.45377689599999993,1.9820354976,gregatron,Guinea Pig
5.0,0.05,0.9,0.00023199695999999957,0.003967148015999993,0.4540088929599999,1.986002645616,gregatron,Guinea Pig
6.0,0.3,0.9,0.0003967148015999988,0.0008331010833599976,0.4544056077615999,1.98683574669936,gregatron,Guinea Pig
7.0,0.1,0.9,2.7770036111999902e-05,0.0002249372925071992,0.45443337779771187,1.9870606839918672,gregatron,Guinea Pig
8.0,0.3,0.9,2.249372925071992e-05,4.723683142651184e-05,0.4544558715269626,1.9871079208232938,gregatron,Guinea Pig
9.0,0.1,0.9,1.5745610475503935e-06,1.2753944485158187e-05,0.45445744608801014,1.987120674767779,gregatron,Guinea Pig
0.0,0.35,0.0,0.35,0.0,0.35,0.0,gregatron,any_gamblers?
1.0,0.05,0.0,0.09750000000000002,0.0,0.4475,0.0,gregatron,any_gamblers?
2.0,0.3,0.0,1.6672500000000003,0.0,2.1147500000000004,0.0,gregatron,any_gamblers?
3.0,0.45,0.0,5.251837500000001,0.0,7.366587500000001,0.0,gregatron,any_gamblers?
4.0,0.5,0.0,9.628368750000002,0.0,16.99495625,0.0,gregatron,any_gamblers?
5.0,0.6,0.0,17.331063750000002,0.0,34.32602,0.0,gregatron,any_gamblers?
6.0,0.55,0.0,19.064170125000008,0.0,53.390190125000004,0.0,gregatron,any_gamblers?
7.0,0.65,0.0,30.416016881250005,0.0,83.80620700625,0.0,gregatron,any_gamblers?
8.0,0.65,0.0,31.9368177253125,0.0,115.74302473156251,0.0,gregatron,any_gamblers?
9.0,0.35,0.66,18.056585406234376,22.132214683641564,133.7996101377969,22.132214683641564,gregatron,any_gamblers?
0.0,0.05,0.5,0.05,0.475,0.05,0.475,gregatron,gonna sleep
1.0,0.25,0.5,0.35624999999999996,0.5343749999999999,0.40624999999999994,1.009375,gregatron,gonna sleep
2.0,0.05,0.5,0.08015625,0.761484375,0.48640624999999993,1.770859375,gregatron,gonna sleep
3.0,0.05,0.5,0.11422265625,1.085115234375,0.6006289062499999,2.855974609375,gregatron,gonna sleep
4.0,0.35,0.5,1.13937099609375,1.057987353515625,1.7399999023437498,3.913961962890625,gregatron,gonna sleep
5.0,0.05,0.5,0.15869810302734377,1.5076319787597656,1.8986980053710936,5.421593941650391,gregatron,gonna sleep
6.0,0.1,0.5,0.4522895936279297,2.0353031713256837,2.350987598999023,7.456897112976074,gregatron,gonna sleep
7.0,0.1,0.5,0.6105909513977053,2.747659281289673,2.9615785503967285,10.204556394265747,gregatron,gonna sleep
8.0,0.35,0.5,2.8850422453541564,2.678967799257431,5.846620795750885,12.88352419352318,gregatron,gonna sleep
9.0,0.05,0.5,0.40184516988861463,3.8175291139418386,6.2484659656395,16.701053307465017,gregatron,gonna sleep
0.0,0.4,0.0,0.4,0.0,0.4,0.0,Guinea Pig,any_gamblers?
1.0,0.9,0.0,1.6199999999999999,0.0,2.02,0.0,Guinea Pig,any_gamblers?
2.0,0.9,0.0,0.4859999999999998,0.0,2.506,0.0,Guinea Pig,any_gamblers?
3.0,0.9,0.0,0.14579999999999999,0.0,2.6517999999999997,0.0,Guinea Pig,any_gamblers?
4.0,0.9,0.0,0.04373999999999998,0.0,2.69554,0.0,Guinea Pig,any_gamblers?
5.0,0.9,0.0,0.01312199999999999,0.0,2.708662,0.0,Guinea Pig,any_gamblers?
6.0,0.9,0.0,0.0039365999999999984,0.0,2.7125985999999997,0.0,Guinea Pig,any_gamblers?
7.0,0.9,0.0,0.001180979999999998,0.0,2.7137795799999997,0.0,Guinea Pig,any_gamblers?
8.0,0.9,0.0,0.0003542939999999995,0.0,2.714133874,0.0,Guinea Pig,any_gamblers?
9.0,0.9,0.66,3.6137987999999945e-05,7.794467999999987e-05,2.7141700119879997,7.794467999999987e-05,Guinea Pig,any_gamblers?
0.0,0.4,0.5,0.4,0.3,0.4,0.3,Guinea Pig,gonna sleep
1.0,0.4,0.5,0.36,0.26999999999999996,0.76,0.57,Guinea Pig,gonna sleep
2.0,0.4,0.5,0.32399999999999995,0.24299999999999994,1.084,0.813,Guinea Pig,gonna sleep
3.0,0.4,0.5,0.29159999999999997,0.21869999999999995,1.3756,1.0316999999999998,Guinea Pig,gonna sleep
4.0,0.4,0.5,0.26243999999999995,0.19682999999999998,1.63804,1.22853,Guinea Pig,gonna sleep
5.0,0.4,0.5,0.236196,0.177147,1.874236,1.4056769999999998,Guinea Pig,gonna sleep
6.0,0.4,0.5,0.21257640000000003,0.15943230000000003,2.0868124,1.5651092999999998,Guinea Pig,gonna sleep
7.0,0.4,0.5,0.19131876000000003,0.14348907000000002,2.27813116,1.7085983699999998,Guinea Pig,gonna sleep
8.0,0.4,0.5,0.17218688400000004,0.12914016300000003,2.4503180440000003,1.8377385329999998,Guinea Pig,gonna sleep
9.0,0.4,0.5,0.15496819560000005,0.11622614670000002,2.6052862396000003,1.9539646796999999,Guinea Pig,gonna sleep
0.0,0.0,0.5,0.0,0.5,0.0,0.5,any_gamblers?,gonna sleep
1.0,0.0,0.5,0.0,0.75,0.0,1.25,any_gamblers?,gonna sleep
2.0,0.0,0.5,0.0,1.125,0.0,2.375,any_gamblers?,gonna sleep
3.0,0.0,0.5,0.0,1.6875,0.0,4.0625,any_gamblers?,gonna sleep
4.0,0.0,0.5,0.0,2.53125,0.0,6.59375,any_gamblers?,gonna sleep
5.0,0.0,0.5,0.0,3.796875,0.0,10.390625,any_gamblers?,gonna sleep
6.0,0.0,0.5,0.0,5.6953125,0.0,16.0859375,any_gamblers?,gonna sleep
7.0,0.0,0.5,0.0,8.54296875,0.0,24.62890625,any_gamblers?,gonna sleep
8.0,0.0,0.5,0.0,12.814453125,0.0,37.443359375,any_gamblers?,gonna sleep
9.0,0.66,0.5,12.68630859375,19.2216796875,12.68630859375,56.6650390625,any_gamblers?,gonna sleep
