beds,baths,area,distance,price,price_bucket
3.0,2.0,2584.0,18.726140002118992,1100000.0,price >= 900k
1.0,1.0,650.0,1.0538083636260023,699000.0,600k <= price < 900k
2.0,3.0,1794.0,0.4710380912156678,1750000.0,price >= 900k
4.0,3.0,1831.0,3.611434616203252,979000.0,price >= 900k
3.0,3.0,1875.0,2.2006081156102653,1875000.0,price >= 900k
3.0,1.0,1094.0,13.926453767933273,329000.0,price < 600k
2.0,3.0,2260.0,27.693981313096863,725000.0,600k <= price < 900k
7.0,4.0,3883.0,9.662119356452454,1499000.0,price >= 900k
4.0,2.0,2611.0,19.334289896273283,1586000.0,price >= 900k
4.0,2.0,2611.0,19.334289896273283,898000.0,600k <= price < 900k
3.0,2.0,1463.0,27.762578822147567,355000.0,price < 600k
4.0,5.0,4534.0,10.846171729037131,1795000.0,price >= 900k
2.0,3.0,1155.0,3.42467063454061,765000.0,600k <= price < 900k
6.0,3.0,2452.0,13.57916452449097,700000.0,600k <= price < 900k
5.0,3.0,2052.0,14.77296051843185,649900.0,600k <= price < 900k
2.0,2.0,997.0,2.5184190456582187,679000.0,600k <= price < 900k
1.0,1.0,844.0,7.293912057893058,449000.0,price < 600k
1.0,1.0,714.0,32.550350232189935,230000.0,price < 600k
1.0,1.0,871.0,1.1793852138138843,559000.0,price < 600k
4.0,2.0,1212.0,18.150526563190898,619900.0,600k <= price < 900k
5.0,4.0,3704.0,14.791092739309436,1785000.0,price >= 900k
3.0,4.0,2286.0,1.6756759523036762,4999000.0,price >= 900k
2.0,2.0,1629.0,23.169246248489696,559000.0,price < 600k
6.0,3.0,3036.0,14.826726831941723,747000.0,600k <= price < 900k
1.0,1.0,634.0,3.742988355194748,469000.0,price < 600k
5.0,4.0,2605.0,18.34351425381147,1468000.0,price >= 900k
2.0,2.0,914.0,3.0047821828063093,699000.0,600k <= price < 900k
9.0,6.0,3534.0,4.79438767665142,1525000.0,price >= 900k
4.0,2.0,1915.0,7.17729018780396,689900.0,600k <= price < 900k
5.0,6.0,5020.0,11.89745120476675,2599000.0,price >= 900k
2.0,2.0,1389.0,0.9302963013463282,2294900.0,price >= 900k
4.0,3.0,2350.0,15.981893940105516,779900.0,600k <= price < 900k
0.0,1.0,352.0,6.274275476884526,319900.0,price < 600k
9.0,6.0,4706.0,16.80449866324615,1598000.0,price >= 900k
2.0,2.0,1353.0,8.787683399633417,581000.0,price < 600k
1.0,1.0,822.0,1.9271748301599743,1195000.0,price >= 900k
0.0,1.0,365.0,6.667549303504764,295000.0,price < 600k
3.0,3.0,1695.0,17.22175075698432,1100000.0,price >= 900k
3.0,2.0,1700.0,6.478557758465821,599988.0,price < 600k
4.0,3.0,3000.0,31.930465812709787,1089000.0,price >= 900k
2.0,2.0,1288.0,7.806206576289718,599900.0,price < 600k
4.0,4.0,2945.0,15.510510286207465,1575000.0,price >= 900k
5.0,5.0,4001.0,16.766702198122662,1879000.0,price >= 900k
2.0,1.0,758.0,1.373128535918749,975000.0,price >= 900k
3.0,2.0,1586.0,31.914097682878044,335000.0,price < 600k
2.0,2.0,1131.0,1.2861348669814077,1495000.0,price >= 900k
4.0,4.0,3226.0,20.064521551518716,1995000.0,price >= 900k
6.0,6.0,4364.0,22.094079065118084,1495000.0,price >= 900k
2.0,2.0,1380.0,4.977799436991639,669000.0,600k <= price < 900k
2.0,5.0,2418.0,8.385802657975132,899999.0,600k <= price < 900k
0.0,1.0,513.0,2.3866177256417975,564300.0,price < 600k
2.0,1.0,766.0,2.7373553905001353,510000.0,price < 600k
5.0,5.0,3721.0,11.6271211847474,1635000.0,price >= 900k
3.0,1.0,832.0,7.257096418350613,449000.0,price < 600k
7.0,4.0,3236.0,6.113617051235108,1695000.0,price >= 900k
2.0,3.0,1604.0,29.743716799039063,549000.0,price < 600k
1.0,2.0,1144.0,13.722931024686012,399900.0,price < 600k
4.0,3.0,3350.0,20.65440565915234,1425000.0,price >= 900k
4.0,5.0,4100.0,29.14401424284109,1249000.0,price >= 900k
4.0,2.0,2532.0,5.9994660781587825,899900.0,600k <= price < 900k
2.0,2.0,1326.0,16.959775079214687,389900.0,price < 600k
2.0,1.0,800.0,14.708464446458482,329900.0,price < 600k
2.0,1.0,856.0,16.39920713017672,349900.0,price < 600k
6.0,6.0,6000.0,21.31493188680916,2750000.0,price >= 900k
3.0,2.0,1701.0,20.209147671362235,1100000.0,price >= 900k
2.0,1.0,825.0,4.603887294324594,599000.0,price < 600k
2.0,3.0,2508.0,13.245570068941525,495900.0,price < 600k
5.0,5.0,3205.0,1.8262922947821956,3200000.0,price >= 900k
6.0,5.0,10000.0,19.91993005490279,4595000.0,price >= 900k
5.0,2.0,2679.0,7.530421975328481,849900.0,600k <= price < 900k
1.0,1.0,639.0,13.890137721542281,359999.0,price < 600k
5.0,7.0,6105.0,20.283400640361908,4895000.0,price >= 900k
1.0,1.0,666.0,3.423234668764466,549000.0,price < 600k
2.0,2.0,1159.0,4.9214354456372345,589900.0,price < 600k
7.0,5.0,3630.0,22.973074365388626,919000.0,price >= 900k
4.0,4.0,3379.0,25.962641146332,1275000.0,price >= 900k
4.0,3.0,2646.0,17.051362875358087,1295000.0,price >= 900k
3.0,3.0,2350.0,20.98733609931279,939900.0,price >= 900k
3.0,2.0,1611.0,20.15502143246977,749000.0,600k <= price < 900k
2.0,2.0,1318.0,1.3739116291436,1195000.0,price >= 900k
3.0,4.0,2208.0,11.042738979351167,960000.0,price >= 900k
2.0,1.0,1092.0,15.556687428515636,449900.0,price < 600k
3.0,2.0,1337.0,13.77921475281431,549900.0,price < 600k
7.0,3.0,3833.0,7.73654872460171,1150000.0,price >= 900k
5.0,5.0,3793.0,8.792538250341703,1399900.0,price >= 900k
1.0,1.0,693.0,24.75846477821675,388888.0,price < 600k
2.0,1.0,1364.0,25.00725873969443,509000.0,price < 600k
3.0,2.0,1504.0,14.47938447975619,599990.0,price < 600k
4.0,3.0,2206.0,10.330577649409628,1399000.0,price >= 900k
4.0,2.0,2394.0,9.064439879832738,937000.0,price >= 900k
2.0,1.0,796.0,15.85051711709428,395000.0,price < 600k
4.0,3.0,2930.0,17.46293702676106,1199000.0,price >= 900k
3.0,1.0,1080.0,24.63091923168669,579900.0,price < 600k
4.0,2.0,2277.0,15.830923658606801,399900.0,price < 600k
3.0,1.0,1116.0,16.50345526329599,649000.0,600k <= price < 900k
4.0,2.0,1313.0,13.208582154217746,599000.0,price < 600k
3.0,2.0,2294.0,9.145052657103989,979900.0,price >= 900k
3.0,2.0,1558.0,13.505520376072003,500000.0,price < 600k
1.0,1.0,575.0,10.194091156218553,290000.0,price < 600k
9.0,9.0,4566.0,8.20554350330791,1800000.0,price >= 900k
2.0,2.0,1474.0,5.093292644509891,800000.0,600k <= price < 900k
6.0,7.0,7070.0,19.488786098345184,3995000.0,price >= 900k
0.0,1.0,282.0,5.383989114972482,349900.0,price < 600k
3.0,3.0,2592.0,32.091793381798375,710000.0,600k <= price < 900k
1.0,1.0,474.0,0.6259200271415344,564000.0,price < 600k
3.0,2.0,1386.0,21.51332466101181,350000.0,price < 600k
3.0,2.0,1819.0,12.287035327074523,574900.0,price < 600k
5.0,2.0,2366.0,7.121299877612146,459900.0,price < 600k
4.0,4.0,4620.0,24.9289860214288,1378000.0,price >= 900k
4.0,3.0,3426.0,29.38335369459338,989000.0,price >= 900k
5.0,2.0,2876.0,7.344397064509754,849000.0,600k <= price < 900k
3.0,2.0,1299.0,7.567066321739092,499999.0,price < 600k
7.0,3.0,2880.0,6.518218925260746,1020000.0,price >= 900k
1.0,1.0,562.0,3.454893919197187,550000.0,price < 600k
6.0,5.0,4900.0,14.911975289601424,2179000.0,price >= 900k
3.0,2.0,1286.0,29.253365755785147,499900.0,price < 600k
3.0,4.0,2159.0,20.445323430801434,895000.0,600k <= price < 900k
2.0,1.0,946.0,2.2354852885400973,825000.0,600k <= price < 900k
2.0,2.0,1659.0,12.098091006685719,529000.0,price < 600k
3.0,2.0,1520.0,6.778335907165268,1149000.0,price >= 900k
3.0,2.0,1600.0,13.707776293660288,479999.0,price < 600k
3.0,2.0,1144.0,19.653930468728078,449000.0,price < 600k
1.0,2.0,657.0,12.190939557212634,480000.0,price < 600k
4.0,6.0,5316.0,21.401097752321004,2975000.0,price >= 900k
3.0,1.0,1194.0,8.688417224651674,585000.0,price < 600k
4.0,4.0,3200.0,30.278568611295128,985000.0,price >= 900k
2.0,2.0,1404.0,5.55221558963684,1200000.0,price >= 900k
4.0,2.0,2595.0,20.787932615403427,765000.0,600k <= price < 900k
3.0,1.0,898.0,7.029620019796705,425000.0,price < 600k
5.0,4.0,3928.0,12.278574297681502,849900.0,600k <= price < 900k
2.0,3.0,2360.0,2.2995616744089795,1899000.0,price >= 900k
4.0,3.0,2047.0,17.71206166157378,748800.0,600k <= price < 900k
2.0,1.0,1017.0,11.854595824910119,349000.0,price < 600k
2.0,2.0,1000.0,15.307104900415114,369000.0,price < 600k
4.0,2.0,2544.0,13.85950763666317,1100000.0,price >= 900k
2.0,1.0,1165.0,11.825139784567957,525000.0,price < 600k
3.0,3.0,2355.0,26.937123403769018,579900.0,price < 600k
2.0,3.0,1887.0,19.95741882557902,889000.0,600k <= price < 900k
4.0,3.0,3108.0,16.73157800717407,888000.0,600k <= price < 900k
5.0,5.0,4400.0,11.305180485175121,1849000.0,price >= 900k
3.0,5.0,2700.0,12.305235796435841,1598000.0,price >= 900k
3.0,2.0,1817.0,14.364306864158088,699900.0,600k <= price < 900k
4.0,3.0,1748.0,4.06012221747669,1999900.0,price >= 900k
5.0,4.0,3205.0,19.68034585342481,1500000.0,price >= 900k
2.0,2.0,1088.0,9.405735287261667,549900.0,price < 600k
6.0,3.0,3227.0,7.82779473906461,1199000.0,price >= 900k
2.0,1.0,1019.0,3.753749711001044,774900.0,600k <= price < 900k
2.0,2.0,1100.0,3.731051959378448,825000.0,600k <= price < 900k
4.0,2.0,1960.0,17.6642052157664,619900.0,600k <= price < 900k
1.0,1.0,778.0,27.98109471511516,234000.0,price < 600k
2.0,1.0,856.0,15.28109742702101,325000.0,price < 600k
3.0,3.0,2636.0,20.85506017455918,1395000.0,price >= 900k
1.0,1.0,830.0,3.06497621130919,610000.0,600k <= price < 900k
4.0,3.0,3732.0,4.486873504307793,1575000.0,price >= 900k
2.0,4.0,2251.0,14.776063920065159,600000.0,600k <= price < 900k
4.0,2.0,2638.0,9.496335978693354,985000.0,price >= 900k
2.0,1.0,1018.0,32.17192482688983,389900.0,price < 600k
5.0,4.0,2943.0,11.128582444005739,1495000.0,price >= 900k
6.0,2.0,2496.0,11.338969813776796,839900.0,600k <= price < 900k
3.0,1.0,1711.0,9.741989092595686,669000.0,600k <= price < 900k
2.0,2.0,1060.0,11.59484709886799,429900.0,price < 600k
2.0,1.0,1008.0,15.915454254801368,419900.0,price < 600k
2.0,2.0,1439.0,11.453800722462093,539000.0,price < 600k
1.0,1.0,764.0,4.15307641983659,499000.0,price < 600k
3.0,3.0,2375.0,6.506755592649392,1580000.0,price >= 900k
4.0,2.0,1898.0,15.041980319622292,689900.0,600k <= price < 900k
5.0,3.0,2564.0,7.627339079673235,749900.0,600k <= price < 900k
5.0,4.0,4753.0,17.952523742300503,1600000.0,price >= 900k
3.0,2.0,1465.0,6.476915115614666,549000.0,price < 600k
13.0,3.0,3906.0,5.9433418640457685,1595900.0,price >= 900k
1.0,1.0,559.0,2.3469747665331373,559000.0,price < 600k
4.0,3.0,3012.0,29.124276034271016,1249000.0,price >= 900k
3.0,2.0,1344.0,7.9726769183230894,529900.0,price < 600k
3.0,2.0,1050.0,4.441231956366552,679000.0,600k <= price < 900k
5.0,4.0,2615.0,20.069254559892634,875000.0,600k <= price < 900k
4.0,2.0,2160.0,9.060786744622638,975000.0,price >= 900k
5.0,4.0,4148.0,24.148545948373915,1280000.0,price >= 900k
4.0,2.0,2848.0,11.18064701048226,949000.0,price >= 900k
3.0,3.0,2776.0,21.38767950971763,1395000.0,price >= 900k
2.0,1.0,1195.0,12.68784926498863,469000.0,price < 600k
1.0,1.0,1119.0,15.50397810463331,349900.0,price < 600k
3.0,2.0,1785.0,14.776762320487553,629900.0,600k <= price < 900k
3.0,3.0,2312.0,13.791776022778656,900000.0,price >= 900k
6.0,7.0,6500.0,16.936614587769544,3895000.0,price >= 900k
5.0,6.0,4258.0,19.553425499254644,2500000.0,price >= 900k
5.0,4.0,4229.0,18.35824088139309,1675000.0,price >= 900k
2.0,1.0,1004.0,14.344137935133235,439000.0,price < 600k
3.0,2.0,1852.0,9.466686805850566,775000.0,600k <= price < 900k
2.0,2.0,1088.0,19.10905724222257,439900.0,price < 600k
2.0,1.0,819.0,1.911291749207081,949000.0,price >= 900k
3.0,4.0,2339.0,1.3459697159378117,2690000.0,price >= 900k
3.0,1.0,1252.0,33.32345309254606,399000.0,price < 600k
2.0,1.0,983.0,4.186011265540159,659000.0,600k <= price < 900k
2.0,1.0,2703.0,22.209231771618438,325000.0,price < 600k
3.0,1.0,1065.0,6.05177608665183,398000.0,price < 600k
6.0,3.0,2809.0,10.612954654096061,1125000.0,price >= 900k
4.0,2.0,1950.0,21.318466950268913,649999.0,600k <= price < 900k
4.0,3.0,2548.0,12.610935822862137,779000.0,600k <= price < 900k
4.0,3.0,3044.0,11.32609440146356,1499900.0,price >= 900k
2.0,1.0,794.0,3.114512375012147,629000.0,600k <= price < 900k
4.0,2.0,1268.0,6.771778911189491,489000.0,price < 600k
3.0,2.0,1833.0,7.334285081226562,575000.0,price < 600k
4.0,3.0,2681.0,2.605811227315747,1689000.0,price >= 900k
2.0,2.0,1103.0,15.276070510997064,319900.0,price < 600k
3.0,1.0,1566.0,11.331074212183516,485000.0,price < 600k
3.0,3.0,2992.0,27.46786890051681,849900.0,600k <= price < 900k
5.0,5.0,4379.0,18.793004745371505,2345000.0,price >= 900k
3.0,2.0,1560.0,22.550323605917427,699900.0,600k <= price < 900k
2.0,1.0,1064.0,6.157199820424356,775000.0,600k <= price < 900k
2.0,2.0,1064.0,14.829507190357226,349900.0,price < 600k
4.0,3.0,3390.0,22.700662408123833,915000.0,price >= 900k
3.0,3.0,2302.0,11.76164581862181,899000.0,600k <= price < 900k
3.0,2.0,1656.0,8.613947175913443,775000.0,600k <= price < 900k
2.0,2.0,1195.0,2.810819398844773,649000.0,600k <= price < 900k
3.0,4.0,2925.0,1.1551935884719498,4850000.0,price >= 900k
1.0,2.0,1116.0,1.968434710641511,829000.0,600k <= price < 900k
2.0,2.0,900.0,2.420063631822189,909900.0,price >= 900k
3.0,1.0,1788.0,8.727411957277724,750000.0,600k <= price < 900k
2.0,1.0,708.0,13.408834174718546,359900.0,price < 600k
5.0,6.0,4183.0,1.8616192355360002,3995000.0,price >= 900k
3.0,4.0,2095.0,1.9518605819389692,2575000.0,price >= 900k
5.0,2.0,1878.0,17.36063298673464,535000.0,price < 600k
2.0,2.0,1716.0,22.487292135533195,499000.0,price < 600k
2.0,3.0,1893.0,21.937603395919048,729900.0,600k <= price < 900k
8.0,3.0,2395.0,14.72803701724101,739000.0,600k <= price < 900k
3.0,3.0,1890.0,11.927703322014683,675000.0,600k <= price < 900k
2.0,1.0,1317.0,10.774470236904477,550000.0,price < 600k
3.0,2.0,2576.0,15.004399821557918,729000.0,600k <= price < 900k
3.0,2.0,1840.0,12.129610576903339,969000.0,price >= 900k
4.0,2.0,1880.0,11.85669459327369,989000.0,price >= 900k
3.0,2.0,1418.0,13.966536206775757,549000.0,price < 600k
2.0,3.0,2027.0,19.916322033785324,650000.0,600k <= price < 900k
4.0,3.0,2278.0,9.738886665872146,769900.0,600k <= price < 900k
5.0,3.0,2848.0,8.654839581740834,1299000.0,price >= 900k
8.0,6.0,4170.0,3.582511808719932,2100000.0,price >= 900k
1.0,1.0,592.0,1.5119839228674765,565000.0,price < 600k
1.0,1.0,662.0,7.641326975900381,499900.0,price < 600k
1.0,1.0,622.0,14.421749252151065,349000.0,price < 600k
3.0,2.0,2075.0,10.69630241660614,925000.0,price >= 900k
2.0,2.0,1382.0,26.771804198401384,749900.0,600k <= price < 900k
1.0,1.0,898.0,1.481344852946053,779000.0,600k <= price < 900k
3.0,2.0,1919.0,11.230931343117197,539900.0,price < 600k
3.0,2.0,1252.0,34.422277309374195,465000.0,price < 600k
3.0,2.0,1287.0,17.014063124075562,495000.0,price < 600k
3.0,3.0,2594.0,10.53956552278891,869900.0,600k <= price < 900k
2.0,2.0,1050.0,13.75150341571114,409900.0,price < 600k
4.0,4.0,3600.0,22.893733264036054,1250000.0,price >= 900k
3.0,2.0,2148.0,10.209742232038,975000.0,price >= 900k
3.0,2.0,1778.0,15.82491630422141,559000.0,price < 600k
4.0,2.0,1056.0,16.410507353384272,619900.0,600k <= price < 900k
2.0,2.0,1252.0,22.785702682909008,419669.0,price < 600k
3.0,3.0,1650.0,22.815373711382495,719000.0,600k <= price < 900k
4.0,2.0,1718.0,12.13895165518023,639900.0,600k <= price < 900k
3.0,3.0,1600.0,13.640121923742386,499000.0,price < 600k
3.0,2.0,2202.0,7.260301807653765,789000.0,600k <= price < 900k
2.0,1.0,913.0,7.232568787660217,461000.0,price < 600k
3.0,3.0,2896.0,14.876071825840691,775000.0,600k <= price < 900k
0.0,1.0,334.0,6.126867859138204,285000.0,price < 600k
1.0,1.0,794.0,7.8073199999168965,499000.0,price < 600k
4.0,2.0,1876.0,17.696939709989262,825000.0,600k <= price < 900k
1.0,2.0,742.0,14.452059587470862,315000.0,price < 600k
3.0,3.0,2230.0,11.392338088351055,1249000.0,price >= 900k
6.0,4.0,4678.0,20.14381083376989,1395000.0,price >= 900k
3.0,2.0,1414.0,16.402876881481546,365000.0,price < 600k
4.0,3.0,3224.0,20.12719386829255,2049000.0,price >= 900k
5.0,4.0,3465.0,19.163113873699473,1579000.0,price >= 900k
3.0,2.0,2488.0,19.90758100229682,495000.0,price < 600k
3.0,2.0,1284.0,21.204309113837276,449900.0,price < 600k
2.0,1.0,1155.0,10.74715874178922,599000.0,price < 600k
4.0,3.0,1758.0,15.725741559253585,599900.0,price < 600k
3.0,2.0,2115.0,13.156240335789077,799000.0,600k <= price < 900k
2.0,2.0,1138.0,2.9599083447010814,639000.0,600k <= price < 900k
3.0,2.0,1296.0,15.609055424121637,599900.0,price < 600k
4.0,3.0,3131.0,31.878650419056296,774900.0,600k <= price < 900k
3.0,1.0,960.0,5.7325303839678625,489900.0,price < 600k
2.0,1.0,893.0,5.084329439874064,459000.0,price < 600k
5.0,2.0,2792.0,17.70496110038606,729900.0,600k <= price < 900k
3.0,2.0,1315.0,15.462382366202991,525000.0,price < 600k
4.0,3.0,2668.0,32.21245996266358,750000.0,600k <= price < 900k
2.0,3.0,1590.0,3.7695010017194845,1200000.0,price >= 900k
1.0,1.0,609.0,2.977231093984488,518000.0,price < 600k
4.0,2.0,2252.0,15.224642151796642,599000.0,price < 600k
4.0,3.0,2539.0,10.908035238663246,1498000.0,price >= 900k
3.0,2.0,1624.0,7.691044573556635,695000.0,600k <= price < 900k
4.0,3.0,1785.0,7.3771410911682045,899000.0,600k <= price < 900k
2.0,2.0,1034.0,3.025568127500986,994900.0,price >= 900k
3.0,1.0,1080.0,13.126675450051046,499999.0,price < 600k
3.0,3.0,2145.0,16.92064856307184,849000.0,600k <= price < 900k
1.0,1.0,597.0,4.089512978442792,650000.0,600k <= price < 900k
2.0,1.0,1009.0,3.31933060611667,748000.0,600k <= price < 900k
6.0,3.0,3095.0,5.382955393029813,1579900.0,price >= 900k
2.0,1.0,860.0,33.02841314865893,200000.0,price < 600k
3.0,1.0,1104.0,15.431987958077585,450000.0,price < 600k
3.0,1.0,990.0,15.955477549478385,359900.0,price < 600k
3.0,2.0,1300.0,11.149527883365034,649000.0,600k <= price < 900k
3.0,2.0,1449.0,5.947708869013188,1150000.0,price >= 900k
3.0,3.0,1883.0,10.653346051191779,899000.0,600k <= price < 900k
1.0,1.0,770.0,1.2248004513041868,909000.0,price >= 900k
4.0,3.0,3300.0,13.758950141430105,1449900.0,price >= 900k
3.0,1.0,1336.0,12.874148984599895,540000.0,price < 600k
4.0,3.0,1802.0,7.986675318519971,775000.0,600k <= price < 900k
2.0,2.0,1257.0,3.0781252087354107,1049000.0,price >= 900k
2.0,2.0,1029.0,5.889179901737336,639900.0,600k <= price < 900k
5.0,3.0,3339.0,6.967906027512932,1799000.0,price >= 900k
1.0,1.0,558.0,23.392124142466773,345000.0,price < 600k
3.0,2.0,1758.0,28.58572345636315,579000.0,price < 600k
2.0,1.0,750.0,6.380524673125982,364000.0,price < 600k
2.0,2.0,1220.0,4.352384375380247,749995.0,600k <= price < 900k
3.0,3.0,2244.0,10.488334614545584,869000.0,600k <= price < 900k
3.0,2.0,1178.0,6.249513184742183,689000.0,600k <= price < 900k
4.0,2.0,2203.0,8.919691838821082,725000.0,600k <= price < 900k
4.0,2.0,3386.0,9.231272666471513,1399000.0,price >= 900k
3.0,2.0,1613.0,11.174370523598531,799000.0,600k <= price < 900k
2.0,3.0,1179.0,1.5376302194523985,989000.0,price >= 900k
2.0,3.0,1429.0,7.347385930763605,700000.0,600k <= price < 900k
3.0,2.0,1553.0,11.410005964468867,629000.0,600k <= price < 900k
3.0,2.0,1886.0,19.192069574391283,935000.0,price >= 900k
2.0,1.0,1033.0,4.754087771883227,689000.0,600k <= price < 900k
1.0,1.0,669.0,5.322787689325981,449000.0,price < 600k
3.0,2.0,1730.0,9.471319346039085,699000.0,600k <= price < 900k
3.0,4.0,2236.0,3.7783801160772312,1480000.0,price >= 900k
3.0,3.0,1700.0,9.28828004161438,639900.0,600k <= price < 900k
3.0,2.0,1852.0,33.2745091166282,425000.0,price < 600k
4.0,3.0,2300.0,12.486744911054066,585000.0,price < 600k
2.0,2.0,1215.0,19.135781626171916,359900.0,price < 600k
3.0,2.0,1166.0,13.84559094861841,579000.0,price < 600k
5.0,3.0,2856.0,10.734155812959424,1175000.0,price >= 900k
3.0,3.0,1809.0,25.170073793527028,819000.0,600k <= price < 900k
2.0,1.0,1220.0,8.333203762415172,599000.0,price < 600k
3.0,2.0,1296.0,9.322195655986834,599900.0,price < 600k
4.0,5.0,2692.0,8.075956124899845,839900.0,600k <= price < 900k
9.0,3.0,3894.0,16.753810063332736,879999.0,600k <= price < 900k
2.0,1.0,807.0,7.301150210802185,309900.0,price < 600k
4.0,4.0,3815.0,31.511373926282133,899000.0,600k <= price < 900k
4.0,2.0,1539.0,7.317550792838291,695900.0,600k <= price < 900k
1.0,1.0,600.0,2.6650317850480736,499000.0,price < 600k
5.0,5.0,4513.0,12.804123660917327,2800000.0,price >= 900k
3.0,2.0,2152.0,7.9779029417858345,549900.0,price < 600k
5.0,5.0,6516.0,15.078705123436976,2579000.0,price >= 900k
4.0,3.0,1390.0,11.121789700744275,699000.0,600k <= price < 900k
7.0,2.0,3195.0,7.6023157859791155,1150000.0,price >= 900k
5.0,5.0,3529.0,20.411367149816485,1368000.0,price >= 900k
3.0,1.0,1296.0,30.410294677386347,444900.0,price < 600k
3.0,2.0,2382.0,12.72174049459549,729000.0,600k <= price < 900k
3.0,2.0,1980.0,23.135641281849708,679000.0,600k <= price < 900k
3.0,1.0,1512.0,10.084096575671387,769000.0,600k <= price < 900k
2.0,2.0,1968.0,14.971325038649432,529900.0,price < 600k
6.0,2.0,2319.0,14.35320073601102,699000.0,600k <= price < 900k
3.0,1.0,1243.0,9.038381139435169,629000.0,600k <= price < 900k
2.0,1.0,1129.0,7.513321670660868,499900.0,price < 600k
5.0,6.0,4508.0,18.79946452588245,2795000.0,price >= 900k
4.0,2.0,2100.0,21.417007298816053,949900.0,price >= 900k
5.0,4.0,2266.0,17.396338470372342,560000.0,price < 600k
3.0,2.0,1901.0,17.207429344048062,549900.0,price < 600k
5.0,4.0,3900.0,11.34974592510178,1250000.0,price >= 900k
6.0,3.0,2870.0,11.118607542049984,789000.0,600k <= price < 900k
4.0,2.0,1824.0,17.136334506226582,575000.0,price < 600k
5.0,2.0,2336.0,12.553136073039587,899000.0,600k <= price < 900k
2.0,2.0,855.0,0.5900340203755671,930000.0,price >= 900k
3.0,3.0,2790.0,19.81471064051768,1350000.0,price >= 900k
3.0,1.0,1372.0,11.43094526246097,619000.0,600k <= price < 900k
3.0,2.0,1445.0,6.306918617818667,649900.0,600k <= price < 900k
2.0,1.0,1057.0,1.704713005267519,959000.0,price >= 900k
3.0,3.0,2563.0,10.163622403193964,1100000.0,price >= 900k
4.0,4.0,3903.0,31.080362087187755,1299000.0,price >= 900k
1.0,1.0,613.0,7.289817543279228,399900.0,price < 600k
4.0,2.0,1820.0,7.424892261377622,769000.0,600k <= price < 900k
3.0,2.0,1191.0,17.178742188031606,550000.0,price < 600k
3.0,4.0,2270.0,1.8962682407307232,2525000.0,price >= 900k
2.0,2.0,1208.0,9.513203703817286,529900.0,price < 600k
2.0,2.0,2047.0,5.965432354486836,929000.0,price >= 900k
4.0,3.0,2805.0,4.76577138481475,1790000.0,price >= 900k
4.0,2.0,2336.0,8.709573944620503,825000.0,600k <= price < 900k
2.0,1.0,1408.0,7.726302682413946,649900.0,600k <= price < 900k
3.0,2.0,826.0,2.3136172047069987,799000.0,600k <= price < 900k
3.0,1.0,1466.0,14.778408012157001,639900.0,600k <= price < 900k
3.0,2.0,1826.0,13.051108596340587,649900.0,600k <= price < 900k
3.0,2.0,1812.0,22.513979836709574,759000.0,600k <= price < 900k
2.0,1.0,1092.0,9.508583438131774,429000.0,price < 600k
2.0,2.0,1325.0,16.831931300156462,499999.0,price < 600k
4.0,4.0,3828.0,0.3075234803360498,6499000.0,price >= 900k
5.0,5.0,4153.0,10.738278047035795,2200000.0,price >= 900k
4.0,5.0,3176.0,6.276750716056409,2675000.0,price >= 900k
2.0,2.0,1843.0,8.146352024108642,499900.0,price < 600k
3.0,3.0,2250.0,14.369719587285635,948000.0,price >= 900k
6.0,5.0,5475.0,15.600098936786392,2189000.0,price >= 900k
3.0,2.0,1778.0,7.712091532341718,669999.0,600k <= price < 900k
5.0,2.0,2720.0,2.6961131600367065,2350000.0,price >= 900k
4.0,3.0,2838.0,19.37958664602124,1585000.0,price >= 900k
3.0,3.0,2298.0,0.3487206124187403,2695000.0,price >= 900k
2.0,2.0,963.0,13.70618046696596,450000.0,price < 600k
2.0,2.0,1155.0,2.706007653364827,859000.0,600k <= price < 900k
3.0,2.0,2095.0,29.137968959691886,599000.0,price < 600k
3.0,1.0,1324.0,12.171099332154313,699000.0,600k <= price < 900k
4.0,3.0,2252.0,8.641160756619165,875000.0,600k <= price < 900k
3.0,3.0,1850.0,11.781421408651497,699900.0,600k <= price < 900k
1.0,1.0,647.0,4.060245525710878,449000.0,price < 600k
5.0,3.0,2764.0,13.690106134387758,1695000.0,price >= 900k
1.0,2.0,1300.0,0.2288447921455926,1599000.0,price >= 900k
2.0,2.0,980.0,1.1172572060096086,1200000.0,price >= 900k
5.0,5.0,3738.0,1.8040184725565565,5495000.0,price >= 900k
2.0,2.0,1070.0,12.112894232412634,439900.0,price < 600k
2.0,1.0,970.0,7.0400519566041995,649000.0,600k <= price < 900k
2.0,2.0,1088.0,7.374589736195552,499000.0,price < 600k
3.0,3.0,1715.0,14.52927450075519,739000.0,600k <= price < 900k
3.0,2.0,1752.0,18.959814657345778,925000.0,price >= 900k
7.0,2.0,2408.0,8.072493713011003,599999.0,price < 600k
6.0,3.0,3051.0,6.193802026646723,839900.0,600k <= price < 900k
1.0,1.0,668.0,22.464365267048276,229000.0,price < 600k
4.0,4.0,2304.0,7.462534630366751,1350000.0,price >= 900k
3.0,1.0,1458.0,26.07485754590122,799000.0,600k <= price < 900k
3.0,3.0,1865.0,11.309748491973497,875000.0,600k <= price < 900k
5.0,4.0,4540.0,28.596875211894407,900000.0,price >= 900k
3.0,2.0,2016.0,11.126386007868604,399000.0,price < 600k
3.0,2.0,2181.0,10.982380392185643,584900.0,price < 600k
3.0,3.0,2216.0,6.396055594844134,1765000.0,price >= 900k
3.0,2.0,1814.0,23.767478706609754,619000.0,600k <= price < 900k
3.0,2.0,2105.0,17.113308873664845,739000.0,600k <= price < 900k
3.0,2.0,1568.0,12.295589517182178,655000.0,600k <= price < 900k
3.0,2.0,1502.0,14.391280362062234,499000.0,price < 600k
2.0,2.0,2286.0,14.611579956994492,699900.0,600k <= price < 900k
7.0,4.0,6263.0,10.12157253526317,1950000.0,price >= 900k
2.0,2.0,951.0,5.8742366918191395,879900.0,600k <= price < 900k
2.0,1.0,1100.0,9.306148463681822,600000.0,600k <= price < 900k
4.0,4.0,3006.0,17.228965447783608,1499000.0,price >= 900k
3.0,2.0,1074.0,9.08583353043508,399000.0,price < 600k
3.0,3.0,2542.0,3.7275289998094756,1325000.0,price >= 900k
2.0,3.0,1959.0,34.00117737924402,669000.0,600k <= price < 900k
4.0,3.0,3656.0,16.84697448794598,1899000.0,price >= 900k
2.0,1.0,835.0,7.304879433726756,499000.0,price < 600k
3.0,2.0,1320.0,24.30177154179946,599000.0,price < 600k
3.0,1.0,1454.0,7.557353074595394,507999.0,price < 600k
2.0,2.0,1210.0,8.514054917157681,469000.0,price < 600k
4.0,4.0,2595.0,16.151723489754254,1400000.0,price >= 900k
3.0,2.0,1400.0,14.496367162884617,939800.0,price >= 900k
3.0,1.0,920.0,15.862960660260038,459000.0,price < 600k
3.0,1.0,1260.0,15.862163125927042,499900.0,price < 600k
5.0,5.0,4700.0,19.06014403989056,2950000.0,price >= 900k
3.0,2.0,1083.0,6.8992066524841515,559900.0,price < 600k
2.0,2.0,1188.0,6.7399784584142415,399900.0,price < 600k
3.0,2.0,2021.0,13.207503796799568,649000.0,600k <= price < 900k
4.0,2.0,2422.0,14.644789440581034,1050000.0,price >= 900k
4.0,2.0,2666.0,13.547794889572593,849900.0,600k <= price < 900k
3.0,3.0,2668.0,12.235310442810542,975000.0,price >= 900k
3.0,1.0,1443.0,14.900455108791851,489000.0,price < 600k
2.0,4.0,3911.0,15.679921304137626,1498000.0,price >= 900k
3.0,3.0,1720.0,19.828115330349856,609900.0,600k <= price < 900k
3.0,3.0,1576.0,16.05958747012851,374900.0,price < 600k
1.0,1.0,690.0,6.490277095865046,399000.0,price < 600k
12.0,6.0,5466.0,5.384490753631638,3300000.0,price >= 900k
2.0,1.0,968.0,5.536439969328941,569000.0,price < 600k
5.0,2.0,2289.0,13.410158923575638,729000.0,600k <= price < 900k
2.0,1.0,883.0,13.519846341571608,569900.0,price < 600k
2.0,1.0,1200.0,7.504941519025657,530000.0,price < 600k
2.0,2.0,1699.0,20.78831404606497,539900.0,price < 600k
2.0,2.0,1872.0,15.993420643188959,529900.0,price < 600k
3.0,2.0,1760.0,4.283870582634803,1600000.0,price >= 900k
1.0,1.0,896.0,2.019396115513984,899000.0,600k <= price < 900k
3.0,3.0,1790.0,24.81705929075546,899000.0,600k <= price < 900k
2.0,1.0,1081.0,10.200507655515638,489999.0,price < 600k
2.0,1.0,950.0,2.0493244587217108,899000.0,600k <= price < 900k
1.0,1.0,893.0,1.9271748301599743,1295000.0,price >= 900k
2.0,2.0,1105.0,4.046062096743888,724000.0,600k <= price < 900k
2.0,3.0,2734.0,10.35020966166867,1299000.0,price >= 900k
6.0,5.0,2341.0,5.186706299497928,845000.0,600k <= price < 900k
2.0,2.0,1024.0,10.932447635315379,429900.0,price < 600k
2.0,1.0,1050.0,5.328702593254837,459999.0,price < 600k
2.0,1.0,952.0,7.8140583890084265,525000.0,price < 600k
4.0,2.0,2880.0,5.328702593254837,559999.0,price < 600k
2.0,3.0,1537.0,1.7431951265905248,3400000.0,price >= 900k
3.0,3.0,2189.0,1.521080398820725,2995000.0,price >= 900k
1.0,1.0,740.0,1.6644151552223745,436827.0,price < 600k
1.0,1.0,838.0,0.6073619065480531,675000.0,600k <= price < 900k
1.0,2.0,414.0,29.304868030177346,140000.0,price < 600k
1.0,10.0,540.0,1.6065453245081054,699000.0,600k <= price < 900k
3.0,2.0,1259.0,5.186706299497928,669000.0,600k <= price < 900k
3.0,2.0,1259.0,5.186706299497928,649000.0,600k <= price < 900k
2.0,3.0,1654.0,2.6125513193471335,1398000.0,price >= 900k
2.0,2.0,1286.0,2.6125513193471335,849900.0,600k <= price < 900k
0.0,1.0,450.0,2.6125513193471335,449000.0,price < 600k
3.0,3.0,1726.0,6.266675680528503,675000.0,600k <= price < 900k
2.0,2.0,1436.0,8.525097716985234,899000.0,600k <= price < 900k
1.0,1.0,663.0,1.092803334241861,749000.0,600k <= price < 900k
4.0,4.0,2378.0,3.775513231244508,599000.0,price < 600k
2.0,3.0,1794.0,0.4710380912156678,1995000.0,price >= 900k
2.0,2.0,916.0,1.6604277851243685,819000.0,600k <= price < 900k
1.0,2.0,959.0,1.3142051077611674,799000.0,600k <= price < 900k
1.0,2.0,929.0,1.9397757672726983,885000.0,600k <= price < 900k
2.0,2.0,875.0,2.105852438612265,899000.0,600k <= price < 900k
1.0,1.0,574.0,0.43804443659178316,559000.0,price < 600k
2.0,2.0,1248.0,2.3954557170565134,1149000.0,price >= 900k
3.0,2.0,1710.0,0.34895147072814514,1865000.0,price >= 900k
6.0,2.0,2212.0,22.302019162312096,699000.0,600k <= price < 900k
3.0,1.0,1000.0,22.302019162312096,379000.0,price < 600k
1.0,1.0,852.0,9.841253182929247,379900.0,price < 600k
3.0,4.0,3343.0,34.62341627558158,759000.0,600k <= price < 900k
2.0,2.0,1140.0,1.5654339721706796,949000.0,price >= 900k
1.0,1.0,662.0,6.747019039740911,575000.0,price < 600k
1.0,1.0,779.0,2.2178645795182264,765000.0,600k <= price < 900k
3.0,2.0,1260.0,6.747019039740911,799000.0,600k <= price < 900k
2.0,3.0,1991.0,6.300363719338869,1049000.0,price >= 900k
1.0,1.0,850.0,2.5586388604065813,649900.0,600k <= price < 900k
3.0,3.0,1811.0,8.684929957740271,849000.0,600k <= price < 900k
2.0,2.0,1230.0,6.098549621147682,899000.0,600k <= price < 900k
3.0,2.0,1703.0,0.34895147072814514,1849000.0,price >= 900k
3.0,2.0,1466.0,15.646849078517695,489999.0,price < 600k
1.0,1.0,893.0,11.011811778534803,525000.0,price < 600k
1.0,1.0,816.0,0.6073619065480531,649000.0,600k <= price < 900k
3.0,2.0,1000.0,3.447699554183965,629000.0,600k <= price < 900k
2.0,1.0,755.0,8.25511504245824,392000.0,price < 600k
2.0,2.0,1687.0,8.684929957740271,749000.0,600k <= price < 900k
5.0,5.0,5153.0,11.867096193431598,3449000.0,price >= 900k
5.0,5.0,5080.0,5.954569051593016,3499000.0,price >= 900k
4.0,2.0,2046.0,16.872188745788634,585000.0,price < 600k
2.0,2.0,1640.0,13.12002972329755,489000.0,price < 600k
9.0,3.0,2563.0,3.5379491493584734,1250000.0,price >= 900k
5.0,2.0,2289.0,11.702736507780465,520000.0,price < 600k
1.0,1.0,1497.0,2.170890605746241,1200000.0,price >= 900k
3.0,2.0,1501.0,14.386602242087678,599000.0,price < 600k
2.0,2.0,1119.0,10.060033795660532,489900.0,price < 600k
1.0,2.0,965.0,0.3023844201803134,595000.0,price < 600k
1.0,1.0,564.0,2.049811864320628,498000.0,price < 600k
2.0,2.0,1368.0,0.9093343804521534,825000.0,600k <= price < 900k
2.0,1.0,880.0,11.07833685911834,469000.0,price < 600k
3.0,1.0,1028.0,15.70622572058583,529900.0,price < 600k
3.0,3.0,2033.0,4.236800452849435,1800000.0,price >= 900k
4.0,2.0,2108.0,10.338458070269734,799000.0,600k <= price < 900k
2.0,2.0,1023.0,4.224363940785949,419900.0,price < 600k
5.0,3.0,3107.0,10.997252785080894,1579000.0,price >= 900k
1.0,1.0,563.0,7.38079092539118,349000.0,price < 600k
2.0,1.0,1069.0,8.369757454236694,479000.0,price < 600k
2.0,1.0,652.0,3.5224249318466505,585000.0,price < 600k
3.0,3.0,1696.0,17.105755550283746,495900.0,price < 600k
4.0,4.0,3700.0,14.318049262834915,1595000.0,price >= 900k
2.0,3.0,2100.0,1.3280574588565055,1699000.0,price >= 900k
3.0,3.0,1461.0,9.057420434144538,599000.0,price < 600k
2.0,2.0,1181.0,8.525097716985234,699000.0,600k <= price < 900k
4.0,2.0,1603.0,11.50278560704713,649000.0,600k <= price < 900k
2.0,1.0,1056.0,7.263358379589819,649000.0,600k <= price < 900k
1.0,1.0,670.0,11.923508300251452,289000.0,price < 600k
1.0,1.0,407.0,2.2178645795182264,649000.0,600k <= price < 900k
4.0,3.0,2482.0,12.52260210867303,875000.0,600k <= price < 900k
3.0,2.0,1243.0,10.162322911956748,699999.0,600k <= price < 900k
3.0,3.0,2009.0,14.307771611712893,850000.0,600k <= price < 900k
4.0,3.0,2632.0,17.097765140256975,1198000.0,price >= 900k
3.0,2.0,1440.0,17.46536059213502,549900.0,price < 600k
3.0,2.0,1183.0,9.291135756861577,699900.0,600k <= price < 900k
3.0,3.0,1828.0,23.344952430851517,699000.0,600k <= price < 900k
2.0,2.0,1139.0,8.329828309524935,569900.0,price < 600k
3.0,3.0,2015.0,14.374253839881161,850000.0,600k <= price < 900k
5.0,4.0,2508.0,5.282133737111832,1675000.0,price >= 900k
4.0,2.0,2151.0,25.324138755456328,699900.0,600k <= price < 900k
2.0,3.0,1588.0,2.0020515587912877,1675000.0,price >= 900k
5.0,7.0,4991.0,32.40629016539638,1099000.0,price >= 900k
2.0,2.0,1059.0,12.292674783230728,574900.0,price < 600k
4.0,2.0,1500.0,13.171730329285001,589500.0,price < 600k
4.0,2.0,1866.0,18.423685951447684,699000.0,600k <= price < 900k
2.0,2.0,1184.0,13.601398582143418,589000.0,price < 600k
5.0,3.0,2373.0,17.74623712752021,749000.0,600k <= price < 900k
3.0,2.0,1040.0,23.435732086998957,675000.0,600k <= price < 900k
2.0,3.0,1806.0,32.59989403903206,385000.0,price < 600k
1.0,1.0,778.0,28.45476140410943,235000.0,price < 600k
1.0,1.0,608.0,0.8158511800128636,799000.0,600k <= price < 900k
3.0,2.0,1342.0,10.340171998536196,649000.0,600k <= price < 900k
8.0,3.0,3240.0,5.771477859081265,899999.0,600k <= price < 900k
3.0,3.0,1899.0,7.500324530625615,659900.0,600k <= price < 900k
3.0,2.0,1499.0,13.883081478809121,425000.0,price < 600k
2.0,2.0,1331.0,13.008879082054378,480000.0,price < 600k
5.0,5.0,5600.0,13.772852502506947,2499000.0,price >= 900k
2.0,2.0,1166.0,2.9228639808017975,759000.0,600k <= price < 900k
2.0,2.0,1000.0,20.777793697605233,289900.0,price < 600k
5.0,4.0,2842.0,11.131590495023435,999000.0,price >= 900k
3.0,2.0,1360.0,14.853645521477109,440000.0,price < 600k
3.0,2.0,1406.0,13.11473413416637,689000.0,600k <= price < 900k
2.0,1.0,1052.0,30.585169614620547,250000.0,price < 600k
4.0,3.0,1913.0,11.310059764255172,649900.0,600k <= price < 900k
2.0,1.0,900.0,22.58008953187051,419900.0,price < 600k
4.0,2.0,2250.0,9.661782706273113,829000.0,600k <= price < 900k
3.0,2.0,2200.0,7.3825184700204645,599900.0,price < 600k
3.0,1.0,1299.0,10.413477968346157,399900.0,price < 600k
3.0,2.0,1400.0,8.957779683927079,649900.0,600k <= price < 900k
3.0,2.0,2860.0,1.94909823636952,2300000.0,price >= 900k
4.0,4.0,3108.0,9.485066682962385,1699000.0,price >= 900k
2.0,2.0,1130.0,4.498139067780454,659000.0,600k <= price < 900k
5.0,3.0,2505.0,17.511219270684983,799900.0,600k <= price < 900k
3.0,2.0,1990.0,31.13335775735754,779000.0,600k <= price < 900k
2.0,1.0,904.0,7.448289592634532,449000.0,price < 600k
3.0,1.0,1435.0,8.332968477606663,589900.0,price < 600k
1.0,1.0,595.0,5.087498459565326,249000.0,price < 600k
2.0,1.0,780.0,5.21560445023743,399900.0,price < 600k
3.0,2.0,1154.0,32.12177029327504,409000.0,price < 600k
11.0,8.0,4509.0,2.8749779721469455,1250000.0,price >= 900k
12.0,6.0,6756.0,3.0767249907349803,3900000.0,price >= 900k
1.0,2.0,624.0,28.901886258160395,177000.0,price < 600k
8.0,3.0,4003.0,3.9273502724526215,2895000.0,price >= 900k
3.0,2.0,1656.0,9.199843232231103,819000.0,600k <= price < 900k
2.0,3.0,2704.0,14.290884666854843,659900.0,600k <= price < 900k
1.0,1.0,779.0,13.553486359689927,255000.0,price < 600k
2.0,2.0,1231.0,2.4014624127567954,899000.0,600k <= price < 900k
3.0,3.0,2040.0,2.8945878477071636,1349000.0,price >= 900k
2.0,2.0,864.0,1.0260140129569641,799000.0,600k <= price < 900k
2.0,1.0,780.0,11.822078429727748,350000.0,price < 600k
2.0,2.0,1005.0,5.040377376699384,785880.0,600k <= price < 900k
3.0,3.0,1632.0,5.948822744115021,1100000.0,price >= 900k
3.0,2.0,1508.0,16.233905973704854,749900.0,600k <= price < 900k
3.0,3.0,1694.0,4.4558878843579235,1500000.0,price >= 900k
3.0,2.0,1766.0,13.528094392103817,589900.0,price < 600k
5.0,4.0,2348.0,14.88553022455641,689900.0,600k <= price < 900k
4.0,4.0,4450.0,22.095943824712204,1550000.0,price >= 900k
4.0,3.0,1500.0,9.897511080795105,599900.0,price < 600k
5.0,3.0,2181.0,22.021261918020347,599000.0,price < 600k
2.0,3.0,2252.0,12.877641450590664,649900.0,600k <= price < 900k
3.0,3.0,1686.0,1.539867857342483,2375000.0,price >= 900k
2.0,1.0,1022.0,4.346799053284485,399000.0,price < 600k
1.0,1.0,640.0,3.5198099444115325,549000.0,price < 600k
2.0,1.0,935.0,6.031547614516678,499000.0,price < 600k
4.0,2.0,3031.0,6.648835244137092,1599000.0,price >= 900k
3.0,2.0,1079.0,6.753455183765931,599900.0,price < 600k
8.0,3.0,2677.0,14.836257075834713,895000.0,600k <= price < 900k
3.0,3.0,1248.0,17.50082627620286,485900.0,price < 600k
4.0,3.0,2000.0,7.5002253155196446,1150000.0,price >= 900k
2.0,2.0,1201.0,15.957216977686455,819000.0,600k <= price < 900k
1.0,1.0,459.0,2.2438913492882775,499000.0,price < 600k
2.0,2.0,956.0,2.664636895437841,769000.0,600k <= price < 900k
14.0,8.0,6784.0,2.849569715789015,3800000.0,price >= 900k
1.0,1.0,960.0,6.498788862081474,489000.0,price < 600k
1.0,1.0,640.0,5.36118920424731,605000.0,600k <= price < 900k
3.0,1.0,1563.0,17.339153361231627,459900.0,price < 600k
1.0,1.0,290.0,0.49863361816958846,399000.0,price < 600k
4.0,1.0,1408.0,13.48578322988669,525000.0,price < 600k
2.0,2.0,1758.0,4.746820875462292,995000.0,price >= 900k
1.0,1.0,996.0,5.7299870017082855,769000.0,600k <= price < 900k
3.0,2.0,2250.0,8.879936849651953,647000.0,600k <= price < 900k
2.0,2.0,1474.0,1.6693698821886078,1089000.0,price >= 900k
2.0,2.0,1365.0,19.257305016084587,439900.0,price < 600k
4.0,3.0,2691.0,14.974880514519485,1695000.0,price >= 900k
4.0,4.0,2929.0,31.00337244950555,879900.0,600k <= price < 900k
5.0,3.0,2946.0,7.645867254087268,999500.0,price >= 900k
1.0,1.0,1201.0,5.199847896688855,789000.0,600k <= price < 900k
2.0,1.0,795.0,3.0049439802463027,599000.0,price < 600k
4.0,3.0,2421.0,17.627611814081884,550000.0,price < 600k
4.0,2.0,1808.0,22.041325996109812,419000.0,price < 600k
2.0,1.0,1366.0,17.457719380432998,399900.0,price < 600k
2.0,2.0,1310.0,25.886920546457453,529000.0,price < 600k
2.0,1.0,1006.0,13.304783682089276,479500.0,price < 600k
2.0,1.0,720.0,24.02380678617165,559000.0,price < 600k
3.0,3.0,1979.0,17.985777797271343,749900.0,600k <= price < 900k
3.0,1.0,1298.0,16.800575144031477,419900.0,price < 600k
4.0,3.0,1928.0,5.268844760387313,1050000.0,price >= 900k
2.0,1.0,1030.0,7.357081015621849,469900.0,price < 600k
2.0,2.0,1240.0,8.767053432656656,425000.0,price < 600k
3.0,3.0,2352.0,18.20485012853854,729000.0,600k <= price < 900k
2.0,1.0,915.0,20.33237095381231,339900.0,price < 600k
2.0,1.0,760.0,16.090411427074333,384900.0,price < 600k
6.0,3.0,2253.0,9.570116162948125,599000.0,price < 600k
2.0,1.0,1200.0,5.35383028303749,525000.0,price < 600k
7.0,3.0,3134.0,8.071916920073447,1300000.0,price >= 900k
2.0,1.0,1221.0,4.533456276747529,859000.0,600k <= price < 900k
6.0,7.0,13000.0,18.96236250247875,6995000.0,price >= 900k
2.0,2.0,1190.0,9.014247198544465,449900.0,price < 600k
3.0,1.0,1604.0,6.676213793242525,999000.0,price >= 900k
3.0,1.0,1464.0,13.556522492471169,449900.0,price < 600k
3.0,4.0,2196.0,0.5135566516863637,3995000.0,price >= 900k
3.0,3.0,1711.0,2.5897772930452976,1299000.0,price >= 900k
2.0,1.0,874.0,7.547031594279489,419000.0,price < 600k
5.0,2.0,2124.0,13.040484432684316,650000.0,600k <= price < 900k
3.0,2.0,1200.0,7.159298489144523,899000.0,600k <= price < 900k
3.0,2.0,2408.0,18.28767256093776,799000.0,600k <= price < 900k
2.0,2.0,1221.0,8.972208164531557,710000.0,600k <= price < 900k
4.0,4.0,4000.0,23.939403675112676,1295000.0,price >= 900k
2.0,2.0,1232.0,13.562440619810435,524900.0,price < 600k
4.0,2.0,1700.0,2.0761479341297915,1600000.0,price >= 900k
3.0,2.0,1726.0,2.0761479341297915,1750000.0,price >= 900k
7.0,6.0,3997.0,7.695005175995934,1295000.0,price >= 900k
3.0,3.0,2432.0,15.873841791678435,700000.0,600k <= price < 900k
5.0,2.0,2660.0,6.244133713667776,879000.0,600k <= price < 900k
4.0,4.0,2405.0,10.317418156574867,929000.0,price >= 900k
2.0,2.0,1315.0,9.171325323377387,975000.0,price >= 900k
3.0,3.0,2570.0,1.053697148438845,3995000.0,price >= 900k
2.0,3.0,1297.0,6.300363719338869,925000.0,price >= 900k
4.0,5.0,4200.0,14.703731714563126,1449900.0,price >= 900k
2.0,1.0,1015.0,7.448289592634532,449900.0,price < 600k
2.0,2.0,1300.0,3.1317764407049165,749000.0,600k <= price < 900k
1.0,1.0,577.0,11.473225542031006,249000.0,price < 600k
3.0,3.0,2404.0,7.1411595281941596,679900.0,600k <= price < 900k
1.0,1.0,682.0,16.101076382519235,250000.0,price < 600k
4.0,3.0,2765.0,6.106320238102441,1399900.0,price >= 900k
6.0,6.0,3254.0,5.174218255795479,1799900.0,price >= 900k
4.0,2.0,2079.0,8.244727737316921,639000.0,600k <= price < 900k
4.0,4.0,2673.0,17.19829234232751,1450000.0,price >= 900k
3.0,4.0,2462.0,1.9624273322631507,6992000.0,price >= 900k
3.0,4.0,2262.0,0.6303309638489237,1825000.0,price >= 900k
1.0,1.0,748.0,1.459084551474131,850000.0,600k <= price < 900k
2.0,2.0,1244.0,1.459084551474131,1685000.0,price >= 900k
9.0,3.0,3648.0,7.354311416356977,1200000.0,price >= 900k
4.0,3.0,2544.0,22.29823623224868,677900.0,600k <= price < 900k
3.0,2.0,1397.0,7.952608704128715,649900.0,600k <= price < 900k
2.0,2.0,1615.0,0.5223147572343486,1599000.0,price >= 900k
6.0,3.0,2114.0,14.006065343260664,725000.0,600k <= price < 900k
3.0,2.0,1658.0,3.108287845530792,1199500.0,price >= 900k
7.0,2.0,2932.0,8.40511102277415,675000.0,600k <= price < 900k
3.0,3.0,1520.0,3.127771553727191,750000.0,600k <= price < 900k
3.0,3.0,2492.0,0.5135954732404875,7990000.0,price >= 900k
3.0,4.0,3804.0,1.5730720230221862,6699000.0,price >= 900k
3.0,2.0,1451.0,18.943730800251153,949000.0,price >= 900k
2.0,2.0,1105.0,15.96059717182236,299900.0,price < 600k
2.0,2.0,1187.0,16.16497335242994,619000.0,600k <= price < 900k
2.0,1.0,995.0,4.382927089896203,715000.0,600k <= price < 900k
1.0,1.0,650.0,2.5428550373484406,769900.0,600k <= price < 900k
1.0,1.0,430.0,3.059879328592427,455000.0,price < 600k
2.0,2.0,1125.0,9.35136874544803,659000.0,600k <= price < 900k
3.0,3.0,2471.0,3.7173840470852344,1799000.0,price >= 900k
8.0,8.0,3228.0,4.61435422129173,2240000.0,price >= 900k
4.0,4.0,2548.0,7.678608347005168,599888.0,price < 600k
2.0,2.0,1077.0,8.909183942472552,689000.0,600k <= price < 900k
3.0,3.0,2471.0,3.718131013218814,1799000.0,price >= 900k
4.0,2.0,2746.0,15.640181797300281,799900.0,600k <= price < 900k
3.0,1.0,1260.0,17.301430783324147,399900.0,price < 600k
1.0,1.0,1310.0,1.4572957074187831,969000.0,price >= 900k
4.0,3.0,1945.0,15.764049075872721,689000.0,600k <= price < 900k
5.0,6.0,6610.0,19.195622400783265,2950000.0,price >= 900k
3.0,4.0,2428.0,1.006901734931315,4975000.0,price >= 900k
1.0,1.0,667.0,0.7234148146353077,635000.0,600k <= price < 900k
2.0,2.0,1266.0,0.4153052423441304,4900000.0,price >= 900k
1.0,1.0,679.0,23.056572320974276,339900.0,price < 600k
4.0,2.0,2517.0,11.053907431885614,750000.0,600k <= price < 900k
3.0,2.0,1512.0,15.5005572657193,589000.0,price < 600k
8.0,3.0,3089.0,4.061192812746992,999000.0,price >= 900k
2.0,2.0,1350.0,4.278436331680163,949900.0,price >= 900k
15.0,6.0,5265.0,6.398423203444557,3100000.0,price >= 900k
4.0,3.0,2955.0,9.060976329826877,799900.0,600k <= price < 900k
2.0,1.0,971.0,18.071476646018287,260000.0,price < 600k
1.0,1.0,770.0,15.444339735186286,299900.0,price < 600k
2.0,2.0,1293.0,5.738559581084115,999900.0,price >= 900k
2.0,2.0,1204.0,9.171325323377387,759000.0,600k <= price < 900k
4.0,3.0,4954.0,3.594678952301693,1400000.0,price >= 900k
3.0,2.0,1759.0,15.99949791307558,489000.0,price < 600k
2.0,2.0,1100.0,9.35136874544803,659000.0,600k <= price < 900k
4.0,2.0,1840.0,3.054293631614299,829000.0,600k <= price < 900k
5.0,2.0,2250.0,8.159023836354995,849900.0,600k <= price < 900k
2.0,1.0,825.0,3.2632207983971115,510000.0,price < 600k
3.0,5.0,2602.0,2.3278226081026814,3475000.0,price >= 900k
5.0,3.0,3600.0,18.75426920070968,699900.0,600k <= price < 900k
2.0,2.0,1261.0,15.976582092270984,539000.0,price < 600k
4.0,5.0,2801.0,10.828980960109172,1599000.0,price >= 900k
4.0,5.0,5119.0,12.565094558873403,1850000.0,price >= 900k
2.0,2.0,1203.0,9.171325323377387,859000.0,600k <= price < 900k
4.0,4.0,4400.0,31.940378774105607,999900.0,price >= 900k
2.0,2.0,1332.0,8.525097716985234,699000.0,600k <= price < 900k
2.0,2.0,1080.0,28.567647390949286,440000.0,price < 600k
3.0,2.0,1550.0,15.802929618097648,499000.0,price < 600k
2.0,2.0,1584.0,24.22291618401502,429000.0,price < 600k
1.0,1.0,525.0,6.901393400916664,325000.0,price < 600k
3.0,3.0,1314.0,16.157261778204084,689900.0,600k <= price < 900k
3.0,3.0,2877.0,1.685398080779119,5990000.0,price >= 900k
9.0,3.0,3751.0,13.318401589046154,899900.0,600k <= price < 900k
3.0,4.0,1485.0,13.726588155370498,675000.0,600k <= price < 900k
5.0,2.0,1406.0,7.6101858650124035,569000.0,price < 600k
3.0,3.0,1849.0,5.4905822751967355,1295000.0,price >= 900k
1.0,1.0,1064.0,4.555958712957188,589000.0,price < 600k
5.0,3.0,2625.0,8.821201876941817,849900.0,600k <= price < 900k
5.0,8.0,7175.0,20.953775431955506,4250000.0,price >= 900k
2.0,1.0,682.0,14.650154919939412,399900.0,price < 600k
7.0,3.0,2720.0,8.05132566177851,929999.0,price >= 900k
3.0,3.0,1531.0,5.002240442029867,1200000.0,price >= 900k
2.0,3.0,1535.0,7.231388096421501,724900.0,600k <= price < 900k
2.0,1.0,839.0,7.295516273881547,564900.0,price < 600k
3.0,2.0,1744.0,9.832068180894519,767000.0,600k <= price < 900k
5.0,3.0,2588.0,9.832068180894519,866000.0,600k <= price < 900k
4.0,2.0,2012.0,7.3378756632221425,1135000.0,price >= 900k
3.0,2.0,1484.0,19.348082204556572,475000.0,price < 600k
3.0,3.0,2050.0,2.531173887609861,1599000.0,price >= 900k
3.0,3.0,1279.0,2.3421342844307143,849000.0,600k <= price < 900k
4.0,6.0,4345.0,1.8311121344362573,5300000.0,price >= 900k
1.0,2.0,969.0,1.9624273322631507,1795000.0,price >= 900k
2.0,1.0,652.0,3.5224249318466505,639000.0,600k <= price < 900k
6.0,5.0,5500.0,18.20266930868489,3175000.0,price >= 900k
3.0,3.0,2313.0,15.339161357204771,699900.0,600k <= price < 900k
4.0,5.0,3980.0,23.467520480552178,1699000.0,price >= 900k
6.0,2.0,2136.0,6.00678171897798,649000.0,600k <= price < 900k
9.0,10.0,3200.0,5.277462335763383,1985000.0,price >= 900k
2.0,2.0,991.0,2.524585710714048,725000.0,600k <= price < 900k
4.0,4.0,3552.0,15.814543410830312,1150000.0,price >= 900k
2.0,1.0,707.0,6.673552936325019,365000.0,price < 600k
3.0,2.0,1144.0,6.39764451528901,939000.0,price >= 900k
9.0,9.0,4035.0,6.1852160920354375,1100000.0,price >= 900k
3.0,3.0,1634.0,1.6065453245081054,2995000.0,price >= 900k
5.0,5.0,3645.0,17.76310006336528,1718000.0,price >= 900k
2.0,2.0,980.0,3.044552401974217,669000.0,600k <= price < 900k
2.0,2.0,1206.0,5.73781184352467,550000.0,price < 600k
2.0,1.0,825.0,2.851711205462516,504000.0,price < 600k
3.0,4.0,1957.0,1.006901734931315,4450000.0,price >= 900k
4.0,3.0,2292.0,18.11835614591693,595000.0,price < 600k
2.0,2.0,1002.0,17.368110407593715,399900.0,price < 600k
3.0,3.0,2055.0,1.822414333585832,4500000.0,price >= 900k
2.0,2.0,1606.0,18.933534928695817,599000.0,price < 600k
4.0,1.0,1680.0,13.739132684750267,549000.0,price < 600k
3.0,3.0,1872.0,26.263265085805738,1250000.0,price >= 900k
2.0,2.0,1693.0,13.34738869628877,375000.0,price < 600k
4.0,4.0,3500.0,1.0702452010751737,7750000.0,price >= 900k
2.0,2.0,1129.0,6.014270797678817,1039000.0,price >= 900k
3.0,2.0,1406.0,13.114328183304867,689000.0,600k <= price < 900k
2.0,3.0,1425.0,1.8418811841873486,3095000.0,price >= 900k
3.0,3.0,1968.0,11.913601174282407,799900.0,600k <= price < 900k
1.0,1.0,647.0,4.515414226478391,499000.0,price < 600k
4.0,2.0,1346.0,3.6716059433804973,589000.0,price < 600k
2.0,2.0,1105.0,21.820501220333856,399900.0,price < 600k
4.0,2.0,1364.0,10.261523236122212,529900.0,price < 600k
2.0,3.0,1406.0,1.8799591812251835,2069000.0,price >= 900k
2.0,2.0,1075.0,2.387174378214516,1049000.0,price >= 900k
3.0,3.0,2050.0,2.463881640082279,1599000.0,price >= 900k
3.0,2.0,1500.0,14.077235086611747,612500.0,600k <= price < 900k
1.0,2.0,754.0,0.2812960598232918,949000.0,price >= 900k
3.0,2.0,1671.0,10.865204813210465,819900.0,600k <= price < 900k
5.0,5.0,4885.0,10.083281523414197,2395000.0,price >= 900k
2.0,1.0,803.0,6.798688200463534,410000.0,price < 600k
4.0,4.0,3343.0,24.706316838521307,1449900.0,price >= 900k
4.0,5.0,4157.0,12.06966399164575,1699000.0,price >= 900k
1.0,1.0,747.0,1.480107471078369,769000.0,600k <= price < 900k
0.0,1.0,708.0,1.480107471078369,639000.0,600k <= price < 900k
5.0,3.0,2701.0,14.037069221826892,775000.0,600k <= price < 900k
1.0,1.0,706.0,5.30555832701097,549000.0,price < 600k
2.0,2.0,1529.0,3.181625166471797,1289000.0,price >= 900k
2.0,1.0,1055.0,10.199967747686053,450000.0,price < 600k
3.0,4.0,2661.0,10.461437759980715,1500000.0,price >= 900k
2.0,1.0,1016.0,9.5758108826012,550000.0,price < 600k
2.0,2.0,983.0,7.914134638864277,369900.0,price < 600k
5.0,5.0,3395.0,13.768968157573356,1499000.0,price >= 900k
5.0,5.0,4399.0,9.251976038532414,2079000.0,price >= 900k
1.0,1.0,694.0,1.5064917710441696,615000.0,600k <= price < 900k
3.0,2.0,2003.0,24.122372075549755,599000.0,price < 600k
1.0,1.0,773.0,1.8322319532516622,699000.0,600k <= price < 900k
2.0,1.0,643.0,0.5113851610437798,667000.0,600k <= price < 900k
17.0,12.0,10501.0,3.280502249527183,1950000.0,price >= 900k
4.0,4.0,3322.0,13.736001291918207,1499000.0,price >= 900k
2.0,2.0,1450.0,4.676943764388529,830000.0,600k <= price < 900k
1.0,1.0,615.0,4.379357691826753,629900.0,600k <= price < 900k
6.0,6.0,3240.0,11.889959619439239,829900.0,600k <= price < 900k
2.0,2.0,1350.0,3.1722321863232,899000.0,600k <= price < 900k
3.0,2.0,1632.0,12.34999410599058,649900.0,600k <= price < 900k
1.0,1.0,591.0,5.133646358820788,419000.0,price < 600k
4.0,3.0,4072.0,21.601277973430875,2300000.0,price >= 900k
2.0,2.0,929.0,3.0336890867333834,609000.0,600k <= price < 900k
4.0,3.0,2470.0,13.7282032329346,849000.0,600k <= price < 900k
2.0,2.0,1236.0,6.249289267693432,599000.0,price < 600k
3.0,2.0,1344.0,6.647019206643267,629000.0,600k <= price < 900k
3.0,1.0,1169.0,5.076276584954793,599000.0,price < 600k
1.0,2.0,1732.0,9.367091924041862,849000.0,600k <= price < 900k
14.0,5.0,4855.0,5.1416069193957545,1650000.0,price >= 900k
3.0,1.0,1092.0,13.859463878727537,429900.0,price < 600k
2.0,2.0,1324.0,8.525097716985234,829000.0,600k <= price < 900k
1.0,1.0,950.0,10.991778974955498,485000.0,price < 600k
2.0,2.0,1522.0,19.85963393664186,885000.0,600k <= price < 900k
5.0,5.0,2900.0,12.288371633578222,960000.0,price >= 900k
5.0,5.0,5030.0,14.464850241871218,1999000.0,price >= 900k
4.0,3.0,2400.0,16.93801476577671,799999.0,600k <= price < 900k
2.0,2.0,1720.0,1.5176789853123203,1599000.0,price >= 900k
4.0,5.0,4676.0,17.97519889824473,1980000.0,price >= 900k
4.0,3.0,2241.0,4.230910396017289,1850000.0,price >= 900k
2.0,2.0,926.0,1.6604277851243685,949000.0,price >= 900k
2.0,1.0,818.0,2.5586388604065813,639800.0,600k <= price < 900k
1.0,1.0,993.0,0.9692887140415245,619000.0,600k <= price < 900k
2.0,2.0,1207.0,1.921842698031575,1349999.0,price >= 900k
2.0,3.0,1938.0,1.921842698031575,2849999.0,price >= 900k
3.0,5.0,2967.0,11.753556582357737,1399900.0,price >= 900k
2.0,1.0,1164.0,5.710559509101027,750000.0,600k <= price < 900k
2.0,2.0,1254.0,1.1944287833809535,1499000.0,price >= 900k
3.0,3.0,2362.0,11.51158786236332,988000.0,price >= 900k
2.0,3.0,1640.0,0.19496940411175318,2175000.0,price >= 900k
2.0,3.0,1460.0,0.5940729895196247,1549000.0,price >= 900k
2.0,1.0,819.0,7.988109792716959,519999.0,price < 600k
7.0,6.0,4000.0,2.304839359796596,2790000.0,price >= 900k
12.0,4.0,4048.0,5.388833031785028,1750000.0,price >= 900k
1.0,1.0,697.0,4.1574893126442625,714950.0,600k <= price < 900k
5.0,5.0,2482.0,4.686964774981673,1849000.0,price >= 900k
2.0,1.0,780.0,10.181584520742101,369000.0,price < 600k
5.0,2.0,2108.0,8.53301005187519,749900.0,600k <= price < 900k
1.0,1.0,643.0,0.9982750726968509,659000.0,600k <= price < 900k
6.0,9.0,9544.0,24.96693269622393,4300000.0,price >= 900k
0.0,1.0,440.0,5.845804419290264,460000.0,price < 600k
8.0,10.0,4888.0,3.2660784400800966,2595000.0,price >= 900k
3.0,3.0,1743.0,11.653391684889593,774900.0,600k <= price < 900k
2.0,1.0,897.0,3.330247780549141,689900.0,600k <= price < 900k
8.0,5.0,4003.0,10.271167650445774,995000.0,price >= 900k
1.0,2.0,951.0,1.0260140129569641,1065000.0,price >= 900k
2.0,3.0,1036.0,2.8903940951050977,799000.0,600k <= price < 900k
6.0,2.0,2744.0,13.579974639058086,675000.0,600k <= price < 900k
3.0,2.0,1475.0,12.197146353217384,579900.0,price < 600k
3.0,1.0,1290.0,6.433438155192006,699999.0,600k <= price < 900k
4.0,4.0,2800.0,4.4011982791593764,2619000.0,price >= 900k
2.0,1.0,905.0,2.1042608271031487,799000.0,600k <= price < 900k
4.0,4.0,2800.0,4.399184429083677,2619000.0,price >= 900k
3.0,2.0,1456.0,8.794192437239472,629000.0,600k <= price < 900k
1.0,1.0,672.0,2.5184190456582187,499000.0,price < 600k
2.0,1.0,542.0,0.5140457930317062,635000.0,600k <= price < 900k
5.0,3.0,3694.0,13.587654075888132,1775000.0,price >= 900k
4.0,2.0,2100.0,17.372792968308715,549000.0,price < 600k
2.0,1.0,900.0,2.9953000476780076,649000.0,600k <= price < 900k
2.0,2.0,1137.0,2.0456119681066998,1399000.0,price >= 900k
6.0,6.0,5346.0,6.985622488917965,2275000.0,price >= 900k
2.0,2.0,1151.0,7.126091374635257,975000.0,price >= 900k
4.0,3.0,4649.0,26.62227447549161,1199000.0,price >= 900k
1.0,1.0,525.0,2.0974255428191646,519000.0,price < 600k
4.0,1.0,1228.0,14.992051994555347,499999.0,price < 600k
2.0,3.0,2153.0,16.798340756400755,1150000.0,price >= 900k
2.0,2.0,1147.0,1.3194868002410813,2000000.0,price >= 900k
1.0,1.0,758.0,4.432450313615436,739900.0,600k <= price < 900k
4.0,2.0,3234.0,12.312174855030998,1185000.0,price >= 900k
2.0,2.0,1414.0,4.746942359014726,999900.0,price >= 900k
3.0,2.0,1322.0,13.767838300481536,650000.0,600k <= price < 900k
1.0,1.0,686.0,1.5654339721706796,600000.0,600k <= price < 900k
3.0,4.0,2181.0,27.52689209547854,1075000.0,price >= 900k
3.0,2.0,1524.0,28.558446835787173,325000.0,price < 600k
2.0,2.0,1432.0,3.1441783739135607,849000.0,600k <= price < 900k
1.0,1.0,360.0,0.631298443057224,419000.0,price < 600k
2.0,3.0,1427.0,6.653458556863765,599900.0,price < 600k
1.0,1.0,890.0,2.0208615816271904,869000.0,600k <= price < 900k
4.0,2.0,1734.0,7.08000118524078,799900.0,600k <= price < 900k
3.0,1.0,1220.0,4.909124414158357,475000.0,price < 600k
9.0,6.0,4880.0,5.725673722139155,1395000.0,price >= 900k
2.0,3.0,1710.0,8.196390558102964,574999.0,price < 600k
2.0,2.0,1148.0,6.777567941569673,875000.0,600k <= price < 900k
2.0,1.0,1036.0,3.3980889946436825,875000.0,600k <= price < 900k
11.0,5.0,4086.0,4.627402057790457,1499999.0,price >= 900k
2.0,1.0,881.0,4.564366618127475,499900.0,price < 600k
2.0,2.0,1022.0,15.290441128631565,399900.0,price < 600k
3.0,2.0,1608.0,23.93430074359766,698000.0,600k <= price < 900k
2.0,2.0,1535.0,1.053615628006458,1595000.0,price >= 900k
3.0,2.0,1100.0,13.423877901042907,500000.0,price < 600k
3.0,2.0,1400.0,13.433625295873345,550000.0,price < 600k
3.0,2.0,1400.0,13.41560054667423,550000.0,price < 600k
1.0,1.0,675.0,6.926115332342379,449000.0,price < 600k
4.0,2.0,2524.0,18.756121022679313,724900.0,600k <= price < 900k
2.0,1.0,1060.0,13.679432565198326,515000.0,price < 600k
5.0,4.0,3116.0,15.361846819666228,1290000.0,price >= 900k
4.0,4.0,2800.0,3.286566951594863,1299000.0,price >= 900k
2.0,3.0,1365.0,2.961345534494055,725000.0,600k <= price < 900k
3.0,2.0,1313.0,5.5254647785766,689900.0,600k <= price < 900k
1.0,1.0,590.0,7.367458094423923,199900.0,price < 600k
4.0,2.0,1348.0,3.8897289636616357,850000.0,600k <= price < 900k
2.0,2.0,1215.0,2.68978066265666,649900.0,600k <= price < 900k
2.0,1.0,753.0,6.242991795712832,515000.0,price < 600k
2.0,2.0,1318.0,0.5153865665939996,1899000.0,price >= 900k
1.0,1.0,877.0,5.801601392760866,659000.0,600k <= price < 900k
7.0,3.0,3157.0,3.9214764905314694,1199000.0,price >= 900k
3.0,2.0,1648.0,5.834342316420341,699000.0,600k <= price < 900k
2.0,3.0,1170.0,3.914902604383128,699999.0,600k <= price < 900k
2.0,2.0,1092.0,4.42614074058458,1150000.0,price >= 900k
3.0,1.0,961.0,24.19666039502515,375000.0,price < 600k
3.0,3.0,1859.0,1.9624273322631507,3849000.0,price >= 900k
2.0,2.0,1010.0,4.443581263540203,609999.0,600k <= price < 900k
2.0,2.0,1088.0,3.9242779797085094,785000.0,600k <= price < 900k
2.0,2.0,1212.0,4.046062096743888,799000.0,600k <= price < 900k
3.0,2.0,1933.0,10.16827742565538,749999.0,600k <= price < 900k
