player_id,Player,Pos,Age,Tm,G,GS,MP,FG,FGA,FG%,3P,3PA,3P%,2P,2PA,2P%,FT,FTA,FT%,ORB,DRB,TRB,AST,STL,BLK,TOV,PF,PTS,ORtg,DRtg,salary2022-2023_mill
achiupr01,Precious Achiuwa,C,22,TOR,73,28,1725,7.7,17.5,0.439,1.6,4.5,0.359,6.1,13.0,0.468,2.3,3.8,0.595,4.2,9.5,13.7,2.4,1.1,1.2,2.4,4.4,19.2,105.0,110,2.84016
adamsst01,Steven Adams,C,28,MEM,76,75,1999,5.0,9.2,0.547,0.0,0.0,0.0,5.0,9.2,0.548,2.6,4.8,0.543,8.4,9.8,18.2,6.1,1.6,1.4,2.8,3.7,12.6,125.0,108,17.926829
adebaba01,Bam Adebayo,C,24,MIA,56,56,1825,11.1,20.0,0.557,0.0,0.2,0.0,11.1,19.8,0.562,7.0,9.3,0.753,3.8,11.7,15.5,5.2,2.2,1.2,4.1,4.7,29.3,117.0,104,30.35178
aldamsa01,Santi Aldama,PF,21,MEM,32,0,360,7.0,17.5,0.402,0.8,6.4,0.125,6.2,11.2,0.56,2.7,4.3,0.625,4.4,7.2,11.6,2.8,0.8,1.3,2.1,4.8,17.5,101.0,111,2.09412
allengr01,Grayson Allen,SG,26,MIL,66,61,1805,6.8,15.1,0.448,4.2,10.4,0.409,2.6,4.8,0.533,1.7,2.0,0.865,0.9,5.1,5.9,2.7,1.2,0.5,1.1,2.6,19.5,122.0,114,8.5
allenja01,Jarrett Allen,C,23,CLE,56,56,1809,10.2,15.0,0.677,0.0,0.3,0.1,10.2,14.8,0.688,4.6,6.4,0.708,5.3,11.3,16.6,2.5,1.2,2.1,2.6,2.7,25.0,132.0,106,20.0
alvarjo01,Jose Alvarado,PG,23,NOP,54,1,834,7.8,17.4,0.446,1.9,6.5,0.291,5.9,10.9,0.538,2.1,3.1,0.679,1.5,4.4,5.9,9.0,4.2,0.4,2.4,4.3,19.5,114.0,109,1.563518
anderky01,Kyle Anderson,PF,28,MEM,69,11,1484,6.7,15.1,0.446,1.2,3.5,0.33,5.6,11.6,0.481,2.2,3.4,0.638,2.2,9.6,11.9,5.9,2.5,1.5,2.3,3.5,16.8,110.0,106,8.780488
antetgi01,Giannis Antetokounmpo,PF,27,MIL,67,67,2204,15.0,27.1,0.553,1.5,5.3,0.293,13.5,21.9,0.616,12.1,16.7,0.722,2.9,14.0,17.0,8.5,1.6,2.0,4.8,4.6,43.6,124.0,106,42.492492
antetth01,Thanasis Antetokounmpo,SF,29,MIL,48,6,473,7.1,13.0,0.547,0.2,1.4,0.143,6.9,11.6,0.596,2.9,4.7,0.63,4.1,6.2,10.3,2.2,1.6,1.2,2.6,6.9,17.4,113.0,112,1.87872
anthoco01,Cole Anthony,PG,21,ORL,65,65,2059,8.4,21.4,0.391,3.1,9.2,0.338,5.3,12.2,0.432,5.1,5.9,0.854,0.8,7.4,8.2,8.7,1.1,0.4,4.0,4.0,24.9,103.0,114,3.61368
anunoog01,OG Anunoby,SF,24,TOR,48,48,1728,8.9,20.2,0.443,3.3,9.2,0.363,5.6,11.0,0.511,2.6,3.4,0.754,2.1,5.5,7.6,3.6,2.1,0.7,2.3,3.8,23.8,112.0,111,17.357143
avdijde01,Deni Avdija,SF,21,WAS,82,8,1984,6.2,14.4,0.432,2.0,6.5,0.317,4.2,8.0,0.525,2.6,3.4,0.757,1.3,9.3,10.6,4.2,1.5,1.1,2.2,4.7,17.1,106.0,113,4.91616
aytonde01,Deandre Ayton,C,23,PHO,58,58,1713,12.4,19.6,0.634,0.2,0.5,0.368,12.2,19.0,0.642,3.0,4.0,0.746,4.2,12.5,16.7,2.4,1.1,1.1,2.6,4.0,28.0,124.0,105,30.91375
ballla01,LaMelo Ball,PG,20,CHO,75,75,2422,10.7,24.8,0.429,4.4,11.2,0.389,6.3,13.7,0.462,4.2,4.8,0.872,2.1,7.8,9.9,11.3,2.4,0.6,4.9,4.7,29.9,111.0,112,8.62392
balllo01,Lonzo Ball,PG,24,CHI,35,35,1212,6.5,15.4,0.423,4.4,10.5,0.423,2.1,5.0,0.423,0.8,1.1,0.75,1.4,6.2,7.7,7.2,2.6,1.2,3.3,3.4,18.3,110.0,111,19.534884
bambamo01,Mo Bamba,C,23,ORL,71,69,1824,7.8,16.4,0.48,2.8,7.5,0.381,5.0,8.9,0.563,1.5,1.9,0.781,3.9,11.2,15.2,2.3,1.0,3.1,2.0,4.8,20.0,113.0,108,10.3
banede01,Desmond Bane,SG,23,MEM,76,76,2266,10.7,23.2,0.461,4.8,11.0,0.436,5.9,12.2,0.484,3.0,3.3,0.903,1.0,6.1,7.1,4.4,1.9,0.6,2.3,4.1,29.2,119.0,110,2.13024
bantoda01,Dalano Banton,PG,22,TOR,64,1,696,6.0,14.5,0.411,0.9,3.7,0.255,5.0,10.8,0.464,1.9,3.2,0.591,2.7,6.2,8.9,7.1,2.0,0.7,3.8,4.9,14.7,98.0,111,1.563518
barneha02,Harrison Barnes,PF,29,SAC,77,77,2587,7.3,15.5,0.469,2.6,6.7,0.394,4.6,8.8,0.525,6.3,7.7,0.826,1.5,6.5,8.0,3.5,1.0,0.3,2.2,1.7,23.5,121.0,118,18.352273
barnesc01,Scottie Barnes,PF,20,TOR,74,74,2617,8.8,17.8,0.492,1.1,3.7,0.301,7.7,14.1,0.543,3.0,4.1,0.735,3.7,6.9,10.6,4.9,1.5,1.1,2.6,3.7,21.7,116.0,111,7.6446
barrerj01,RJ Barrett,SF,21,NYK,70,70,2417,10.1,24.7,0.408,2.9,8.4,0.342,7.2,16.4,0.442,6.0,8.4,0.714,1.4,7.1,8.4,4.3,0.9,0.3,3.1,2.9,29.0,103.0,113,10.900635
bartowi01,Will Barton,SG,31,DEN,71,71,2277,8.4,19.3,0.438,3.4,9.3,0.365,5.1,10.0,0.504,2.2,2.7,0.803,0.9,6.4,7.3,5.9,1.2,0.7,2.7,2.5,22.5,108.0,114,14.375
bassech01,Charles Bassey,C,21,PHI,23,0,168,8.9,14.0,0.638,0.0,1.2,0.0,8.9,12.8,0.698,2.7,3.6,0.75,6.5,11.9,18.4,2.1,1.5,5.0,2.4,9.5,20.5,129.0,103,0.074742
bateske01,Keita Bates-Diop,SF,26,SAS,59,14,956,6.8,13.2,0.517,0.9,2.8,0.309,6.0,10.4,0.572,2.3,3.1,0.754,3.1,8.5,11.6,2.1,1.4,0.7,2.3,3.1,16.8,111.0,112,1.87872
bazleda01,Darius Bazley,PF,21,OKC,69,53,1924,6.9,16.4,0.422,2.0,6.8,0.297,4.9,9.6,0.511,3.0,4.3,0.688,1.8,9.2,11.0,2.5,1.5,1.8,2.3,1.7,18.9,101.0,111,4.264629
bealbr01,Bradley Beal,SG,28,WAS,40,40,1439,12.0,26.5,0.451,2.2,7.2,0.3,9.8,19.3,0.508,5.8,7.0,0.833,1.3,5.2,6.5,9.1,1.2,0.5,4.6,3.3,31.9,106.0,117,43.27925
beaslma01,Malik Beasley,SG,25,MIN,79,18,1976,8.0,20.5,0.391,5.8,15.3,0.377,2.2,5.1,0.432,1.2,1.4,0.817,0.6,4.8,5.5,2.8,1.0,0.3,1.0,2.1,22.9,111.0,116,15.558035
beverpa01,Patrick Beverley,PG,33,MIN,58,54,1476,5.7,14.1,0.406,2.7,7.8,0.343,3.0,6.3,0.485,3.1,4.3,0.722,2.0,5.7,7.7,8.6,2.2,1.7,2.4,5.6,17.2,119.0,111,13.0
beysa01,Saddiq Bey,SF,22,DET,82,82,2704,8.1,20.5,0.396,3.8,11.0,0.346,4.3,9.5,0.454,3.8,4.6,0.827,1.9,6.0,8.0,4.2,1.3,0.3,1.7,2.3,23.8,110.0,116,2.95908
birchkh01,Khem Birch,C,29,TOR,55,28,991,4.9,10.1,0.485,0.0,0.7,0.0,4.9,9.4,0.522,2.7,3.6,0.746,6.2,5.9,12.1,2.8,1.5,1.3,1.5,5.2,12.5,124.0,111,6.6675
bitadgo01,Goga Bitadze,C,22,IND,50,16,729,8.8,16.9,0.52,1.5,5.4,0.288,7.3,11.6,0.628,4.3,6.3,0.681,5.3,6.6,11.9,3.7,1.4,2.8,3.1,7.2,23.4,118.0,114,4.765339
bledser01,Eric Bledsoe,PG,32,LAC,54,29,1361,7.1,16.8,0.421,1.8,5.9,0.313,5.3,11.0,0.479,3.2,4.2,0.761,1.0,5.5,6.6,8.1,2.5,0.7,4.2,3.1,19.2,100.0,110,1.3
bogdabo01,Bogdan Bogdanović,SG,29,ATL,63,27,1848,9.1,21.1,0.431,4.5,12.2,0.368,4.6,8.9,0.516,2.6,3.1,0.843,0.8,5.9,6.6,5.2,1.8,0.4,1.9,3.5,25.3,114.0,116,18.0
bogdabo02,Bojan Bogdanović,PF,32,UTA,69,69,2131,9.8,21.5,0.455,4.2,10.9,0.387,5.6,10.7,0.524,5.2,6.0,0.858,1.3,5.5,6.9,2.8,0.8,0.0,2.7,2.7,28.9,116.0,115,19.55
bolbo01,Bol Bol,PF,22,DEN,14,0,81,9.1,16.4,0.556,0.6,2.4,0.25,8.5,13.9,0.609,1.2,3.0,0.4,2.4,9.7,12.1,3.0,0.6,1.2,2.4,2.4,20.0,107.0,112,2.2
bolmale01,Leandro Bolmaro,SF,21,MIN,35,2,241,3.4,10.7,0.315,1.0,3.6,0.278,2.4,7.1,0.333,2.2,2.6,0.846,3.2,5.3,8.5,4.1,1.2,0.0,2.6,5.1,9.9,96.0,115,2.47116
bookede01,Devin Booker,SG,25,PHO,68,68,2345,13.6,29.2,0.466,3.8,9.8,0.383,9.8,19.4,0.508,6.5,7.4,0.868,0.9,6.1,7.0,6.8,1.6,0.5,3.3,3.7,37.4,113.0,109,33.8334
bostobr01,Brandon Boston Jr.,SG,20,LAC,51,0,760,8.1,21.0,0.385,2.2,7.2,0.306,5.9,13.8,0.425,3.8,4.6,0.819,1.1,6.1,7.2,3.3,1.7,0.8,2.0,2.8,22.1,98.0,111,1.563518
bouchch01,Chris Boucher,SF,29,TOR,80,9,1690,7.9,17.1,0.464,2.0,6.8,0.297,5.9,10.3,0.575,4.4,5.7,0.777,5.3,9.3,14.6,0.7,1.4,2.2,1.2,5.1,22.3,124.0,108,12.69
bouknja01,James Bouknight,SG,21,CHO,31,0,304,7.7,22.3,0.348,2.7,7.7,0.347,5.1,14.5,0.348,4.3,4.9,0.871,3.5,4.7,8.2,4.1,1.1,0.2,2.4,4.6,22.4,100.0,117,4.36224
bridgmi01,Mikal Bridges,SF,25,PHO,82,82,2854,7.7,14.5,0.534,1.9,5.3,0.369,5.8,9.2,0.628,2.2,2.6,0.834,1.2,4.6,5.9,3.1,1.6,0.6,1.1,2.5,19.6,125.0,110,20.1
brissos01,Oshae Brissett,SF,23,IND,67,25,1564,6.5,15.8,0.411,2.6,7.4,0.35,3.9,8.4,0.465,3.6,5.1,0.695,3.4,7.8,11.2,2.3,1.4,0.9,1.7,3.6,19.2,112.0,116,1.846738
brogdma01,Malcolm Brogdon,PG,29,IND,36,36,1206,9.9,22.1,0.448,2.4,7.6,0.312,7.5,14.5,0.518,5.8,6.8,0.856,1.3,6.2,7.5,8.6,1.2,0.6,3.1,2.9,27.9,116.0,118,22.6
brookdi01,Dillon Brooks,SF,26,MEM,32,31,885,12.3,28.4,0.432,2.5,8.1,0.309,9.8,20.4,0.48,4.9,5.7,0.849,1.6,3.9,5.5,4.8,1.9,0.4,2.7,5.7,31.9,108.0,112,11.4
brownbr01,Bruce Brown,SF,25,BRK,72,45,1774,7.0,13.8,0.506,1.0,2.6,0.404,6.0,11.3,0.529,2.7,3.5,0.758,2.7,6.7,9.4,4.0,2.1,1.4,1.5,4.8,17.7,121.0,111,6.479
browngr01,Greg Brown III,SF,20,POR,48,6,640,6.2,14.5,0.426,1.5,4.7,0.311,4.7,9.8,0.481,3.4,5.0,0.677,2.9,7.4,10.3,2.7,2.0,1.8,2.7,6.9,17.2,102.0,114,1.563518
brownja02,Jaylen Brown,SF,25,BOS,66,66,2220,12.9,27.2,0.473,3.7,10.4,0.358,9.2,16.9,0.544,5.4,7.1,0.758,1.2,7.9,9.0,5.2,1.6,0.4,4.0,3.6,34.9,109.0,108,28.741071
brownst02,Sterling Brown,SG,26,DAL,49,3,628,4.7,12.4,0.381,2.2,7.4,0.304,2.5,5.0,0.492,1.1,1.2,0.933,2.1,9.9,11.9,2.7,1.1,0.6,1.8,4.5,12.8,102.0,109,3.0
browntr01,Troy Brown Jr.,SF,22,CHI,66,7,1055,5.0,11.9,0.419,2.2,6.2,0.353,2.8,5.8,0.488,0.9,1.2,0.769,1.8,7.6,9.4,3.1,1.7,0.2,1.2,2.9,13.1,110.0,114,1.83609
brunsja01,Jalen Brunson,SG,25,DAL,79,61,2524,10.1,20.1,0.502,1.9,5.0,0.373,8.2,15.1,0.545,3.6,4.2,0.84,0.9,5.3,6.2,7.5,1.3,0.1,2.5,3.0,25.6,118.0,112,27.733332
bryanth01,Thomas Bryant,C,24,WAS,27,9,439,8.7,16.7,0.52,1.4,4.7,0.286,7.3,11.9,0.613,3.9,4.5,0.875,2.9,9.2,12.2,2.6,0.7,2.4,2.1,4.8,22.6,118.0,113,1.83609
bullore01,Reggie Bullock,SF,30,DAL,68,37,1902,5.3,13.3,0.401,3.7,10.4,0.36,1.6,2.9,0.55,1.1,1.3,0.833,0.9,5.5,6.4,2.2,1.1,0.4,1.1,2.9,15.4,111.0,112,10.0128
burksal01,Alec Burks,SG,30,NYK,81,44,2318,6.2,15.7,0.391,3.4,8.4,0.404,2.8,7.3,0.378,4.7,5.7,0.822,1.0,7.6,8.6,5.2,1.8,0.6,2.0,4.6,20.4,117.0,110,10.0128
butleja02,Jared Butler,SG,21,UTA,42,1,360,8.4,20.7,0.404,3.8,12.1,0.318,4.5,8.6,0.524,1.5,2.2,0.688,0.7,5.5,6.2,8.6,2.3,1.1,4.5,6.5,22.1,102.0,109,1.563518
butleji01,Jimmy Butler,SF,32,MIA,57,57,1931,10.3,21.5,0.48,0.7,3.0,0.233,9.6,18.5,0.52,10.3,11.8,0.87,2.6,6.1,8.7,8.1,2.4,0.7,3.1,2.3,31.6,124.0,108,37.6533
caldwke01,Kentavious Caldwell-Pope,SG,28,WAS,77,77,2329,7.7,17.6,0.435,3.4,8.7,0.39,4.3,8.9,0.48,2.9,3.3,0.89,0.9,4.7,5.5,3.1,1.8,0.6,2.1,3.0,21.6,109.0,116,14.004703
campafa01,Facundo Campazzo,PG,30,DEN,65,4,1184,4.4,12.3,0.361,2.4,8.0,0.301,2.0,4.3,0.476,2.5,3.2,0.769,1.0,3.9,4.8,9.1,2.6,1.0,2.8,5.1,13.8,109.0,111,1.83609
cancavl01,Vlatko Čančar,PF,24,DEN,15,1,176,6.4,11.4,0.561,2.0,3.3,0.583,4.5,8.1,0.552,2.5,3.9,0.643,2.2,6.4,8.6,4.7,0.6,0.8,2.5,5.0,17.3,122.0,115,2.234359
capelca01,Clint Capela,C,27,ATL,74,73,2042,8.9,14.5,0.613,0.0,0.0,0.0,8.9,14.5,0.614,1.9,4.1,0.473,6.7,14.4,21.1,2.2,1.3,2.2,1.1,4.0,19.7,132.0,109,18.706896
cartewe01,Wendell Carter Jr.,PF,22,ORL,62,61,1852,9.4,17.9,0.525,1.8,5.6,0.327,7.5,12.3,0.615,3.7,5.4,0.691,3.6,13.3,16.9,4.5,0.9,1.1,3.1,4.4,24.3,115.0,110,14.15
carusal01,Alex Caruso,SG,27,CHI,41,18,1147,4.3,10.9,0.398,1.8,5.4,0.333,2.6,5.5,0.462,2.5,3.1,0.795,1.4,4.9,6.3,7.0,3.0,0.6,2.4,4.5,12.9,110.0,112,9.03
champju01,Justin Champagnie,SF,20,TOR,36,0,281,5.5,11.9,0.463,1.8,5.0,0.357,3.7,6.9,0.538,1.6,1.6,1.0,6.6,6.2,12.8,2.0,1.4,0.7,1.4,5.7,14.4,128.0,112,1.637966
chrisma01,Marquese Chriss,PF,24,DAL,34,0,346,9.0,19.5,0.463,1.2,3.6,0.32,7.9,15.9,0.495,3.2,4.8,0.667,4.8,10.2,15.0,2.5,1.9,1.7,2.5,9.3,22.4,107.0,105,2.19392
chrisjo01,Josh Christopher,SG,20,HOU,74,2,1334,8.0,17.8,0.448,2.0,6.7,0.296,6.0,11.1,0.54,3.0,4.0,0.735,1.9,4.8,6.6,5.4,2.3,0.5,4.1,3.5,20.9,101.0,117,2.37216
clarkbr01,Brandon Clarke,PF,25,MEM,64,1,1246,11.1,17.2,0.644,0.2,0.8,0.227,10.9,16.3,0.666,3.3,5.0,0.654,5.2,7.9,13.1,3.3,1.5,2.6,1.3,4.7,25.6,138.0,108,4.34392
clarkjo01,Jordan Clarkson,SG,29,UTA,79,1,2141,10.8,25.7,0.419,4.4,13.8,0.318,6.4,11.9,0.535,3.3,4.0,0.828,1.5,4.8,6.3,4.5,1.5,0.4,3.0,3.4,29.2,108.0,113,13.34
coffeam01,Amir Coffey,SG,24,LAC,69,30,1567,6.6,14.6,0.453,3.0,7.9,0.378,3.6,6.6,0.542,3.2,3.7,0.863,0.8,5.3,6.2,3.9,1.2,0.5,1.4,2.7,19.4,120.0,113,3.395062
collijo01,John Collins,PF,24,ATL,54,53,1663,10.0,19.0,0.526,1.9,5.2,0.364,8.1,13.8,0.588,4.0,5.0,0.793,2.7,9.7,12.5,2.9,1.0,1.7,1.8,4.8,25.9,122.0,114,23.5
colliza01,Zach Collins,C,24,SAS,28,4,502,7.3,14.8,0.49,1.3,3.9,0.341,5.9,10.9,0.544,5.0,6.2,0.8,4.4,10.2,14.6,5.8,1.2,2.2,4.3,6.4,20.8,112.0,109,7.35
conlemi01,Mike Conley,PG,34,UTA,72,72,2058,8.3,19.0,0.435,4.1,9.9,0.408,4.2,9.1,0.464,3.1,3.9,0.796,1.1,4.1,5.2,9.2,2.3,0.5,3.0,3.4,23.7,120.0,111,22.68
connapa01,Pat Connaughton,SF,29,MIL,65,19,1691,6.4,14.1,0.458,4.1,10.5,0.395,2.3,3.6,0.643,1.3,1.5,0.833,1.3,6.5,7.8,2.3,1.7,0.4,1.0,2.4,18.3,124.0,113,5.728393
crowdja01,Jae Crowder,PF,31,PHO,67,67,1886,5.5,13.9,0.399,3.2,9.3,0.348,2.3,4.6,0.503,1.8,2.3,0.789,0.8,8.3,9.0,3.2,2.4,0.8,1.4,4.4,16.1,109.0,105,10.1838
cunnica01,Cade Cunningham,SG,20,DET,64,64,2088,10.0,24.1,0.416,2.7,8.5,0.314,7.4,15.6,0.472,3.3,3.9,0.845,1.4,6.9,8.3,8.3,1.8,1.0,5.5,4.7,26.0,96.0,113,10.5528
curryst01,Stephen Curry,PG,33,GSW,64,64,2211,11.8,27.0,0.437,6.3,16.5,0.38,5.5,10.5,0.527,6.1,6.6,0.923,0.7,6.6,7.4,8.9,1.9,0.5,4.5,2.9,35.9,115.0,108,48.070014
davisan02,Anthony Davis,C,28,LAL,40,40,1404,12.6,23.7,0.532,0.4,2.4,0.186,12.2,21.3,0.571,5.9,8.3,0.713,3.6,9.8,13.5,4.2,1.7,3.1,2.8,3.3,31.6,115.0,109,37.98072
daviste02,Terence Davis,SG,24,SAC,30,11,536,10.1,24.0,0.423,4.4,13.4,0.329,5.7,10.6,0.542,3.2,3.9,0.818,1.0,7.5,8.4,3.6,2.2,1.0,3.0,6.3,27.9,103.0,113,4.0
derozde01,DeMar DeRozan,PF,32,CHI,76,76,2743,13.8,27.3,0.504,0.9,2.5,0.352,12.9,24.8,0.52,9.3,10.6,0.877,1.0,6.0,7.0,6.7,1.2,0.4,3.2,3.2,37.7,117.0,115,27.3
diallha01,Hamidou Diallo,SG,23,DET,58,29,1269,10.0,20.2,0.496,0.9,3.6,0.247,9.2,16.6,0.55,3.5,5.4,0.65,2.7,8.0,10.7,2.8,2.7,0.7,2.2,5.5,24.5,107.0,111,5.2
dienggo01,Gorgui Dieng,C,32,ATL,44,3,371,7.0,14.8,0.473,3.8,9.0,0.426,3.2,5.8,0.545,2.5,3.4,0.731,4.2,11.8,16.0,4.5,1.5,1.7,2.6,6.9,20.4,123.0,111,1.83609
doncilu01,Luka Dončić,PG,22,DAL,65,65,2301,14.0,30.7,0.457,4.4,12.4,0.353,9.6,18.2,0.528,8.0,10.7,0.744,1.2,11.7,13.0,12.4,1.6,0.8,6.4,3.2,40.4,110.0,107,37.0965
dortlu01,Luguentz Dort,SG,22,OKC,51,51,1665,8.6,21.2,0.404,3.8,11.4,0.332,4.8,9.8,0.487,4.7,5.6,0.843,1.1,5.1,6.2,2.6,1.3,0.5,2.6,4.4,25.7,104.0,115,15.277778
dosunay01,Ayo Dosunmu,SG,22,CHI,77,40,2110,6.4,12.4,0.52,1.6,4.3,0.376,4.8,8.1,0.596,1.2,1.8,0.679,0.6,4.3,5.0,5.9,1.4,0.7,2.5,4.2,15.7,113.0,115,1.563518
duartch01,Chris Duarte,SG,24,IND,55,39,1541,8.5,19.7,0.432,3.0,8.1,0.369,5.5,11.6,0.475,2.9,3.6,0.804,1.3,5.9,7.2,3.6,1.8,0.3,2.9,3.0,22.9,104.0,117,3.93696
duranke01,Kevin Durant,PF,33,BRK,55,55,2047,13.7,26.4,0.518,2.7,7.1,0.383,11.0,19.3,0.568,8.8,9.7,0.91,0.7,9.0,9.6,8.3,1.1,1.2,4.5,2.7,38.9,121.0,112,44.119845
edwaran01,Anthony Edwards,SG,20,MIN,72,72,2466,10.6,24.0,0.441,4.1,11.6,0.357,6.4,12.4,0.519,4.2,5.4,0.786,1.2,5.4,6.6,5.3,2.0,0.9,3.7,3.2,29.6,108.0,112,10.7334
edwarke02,Kessler Edwards,SF,21,BRK,48,23,987,5.4,13.1,0.412,2.4,6.7,0.353,3.0,6.4,0.473,0.8,0.9,0.842,2.2,6.3,8.4,1.5,1.4,1.2,2.1,4.2,13.9,100.0,113,1.637966
embiijo01,Joel Embiid,C,27,PHI,68,68,2297,14.5,29.0,0.499,2.0,5.5,0.371,12.4,23.5,0.529,14.2,17.4,0.814,3.2,14.1,17.3,6.2,1.7,2.1,4.6,3.9,45.1,119.0,105,33.61677
favorde01,Derrick Favors,C,30,OKC,39,18,653,7.0,13.6,0.516,0.1,1.2,0.125,6.9,12.4,0.554,1.2,1.9,0.64,4.3,9.4,13.7,1.9,1.3,0.9,0.7,4.6,15.4,118.0,112,10.1838
finnedo01,Dorian Finney-Smith,PF,28,DAL,80,80,2644,6.2,13.2,0.471,3.3,8.3,0.395,2.9,4.9,0.599,1.1,1.6,0.675,2.3,4.8,7.1,2.9,1.7,0.7,1.5,3.5,16.8,119.0,110,12.402
flynnma01,Malachi Flynn,PG,23,TOR,44,5,537,6.7,17.0,0.393,2.8,8.4,0.333,3.9,8.7,0.452,1.4,2.2,0.625,0.9,4.9,5.9,6.5,1.9,0.4,1.2,4.2,17.6,113.0,112,2.14572
fournev01,Evan Fournier,SG,29,NYK,80,80,2358,8.5,20.5,0.417,5.1,13.1,0.389,3.4,7.3,0.465,1.7,2.4,0.708,0.7,3.7,4.5,3.6,1.7,0.4,2.2,3.8,23.9,109.0,113,18.0
foxde01,De'Aaron Fox,PG,24,SAC,59,59,2083,11.9,25.2,0.473,1.7,5.8,0.297,10.2,19.5,0.524,6.0,8.0,0.75,0.6,4.8,5.3,7.6,1.6,0.6,3.9,4.0,31.6,107.0,117,30.35178
fultzma01,Markelle Fultz,PG,23,ORL,18,3,360,11.2,23.5,0.474,0.5,2.3,0.235,10.6,21.2,0.5,3.4,4.2,0.806,0.5,6.0,6.6,13.3,2.7,0.7,5.4,3.0,26.2,102.0,111,16.5
gaffoda01,Daniel Gafford,C,23,WAS,72,53,1444,9.8,14.1,0.693,0.0,0.0,0.0,9.8,14.0,0.695,3.7,5.2,0.699,5.3,8.6,13.9,2.3,1.0,3.4,2.2,5.8,23.2,134.0,111,1.930681
garlada01,Darius Garland,PG,22,CLE,68,68,2430,11.1,24.1,0.462,3.6,9.3,0.383,7.6,14.8,0.512,4.4,5.0,0.892,0.8,3.8,4.6,12.0,1.8,0.1,5.1,2.4,30.3,112.0,112,8.920795
garubus01,Usman Garuba,PF,19,HOU,24,2,239,3.8,8.8,0.432,1.0,4.0,0.25,2.8,4.8,0.583,1.0,1.4,0.714,4.2,12.3,16.5,3.4,2.0,2.2,1.2,5.6,9.6,119.0,111,2.47116
gayru01,Rudy Gay,PF,35,UTA,55,1,1038,7.5,18.0,0.414,3.3,9.7,0.345,4.1,8.4,0.494,3.0,3.8,0.785,2.6,8.9,11.5,2.7,1.2,0.9,2.2,4.5,21.2,110.0,110,6.1845
georgpa01,Paul George,PF,31,LAC,31,31,1077,12.2,28.9,0.421,4.1,11.7,0.354,8.1,17.2,0.467,5.8,6.7,0.858,0.5,9.1,9.7,8.0,3.0,0.6,5.7,3.4,34.3,100.0,106,42.492492
gibsota01,Taj Gibson,C,36,NYK,52,4,946,4.5,8.8,0.518,0.8,2.0,0.395,3.8,6.8,0.555,2.2,2.8,0.808,4.7,7.5,12.1,1.7,1.2,2.1,1.4,7.2,12.1,127.0,110,1.83609
giddejo01,Josh Giddey,SF,19,OKC,54,54,1700,8.1,19.2,0.419,1.6,6.1,0.263,6.4,13.1,0.492,1.6,2.3,0.709,2.8,9.3,12.1,9.9,1.5,0.6,4.9,2.5,19.3,97.0,112,6.2874
gilgesh01,Shai Gilgeous-Alexander,PG,23,OKC,56,56,1942,12.0,26.4,0.453,2.2,7.4,0.3,9.7,18.9,0.514,8.2,10.2,0.81,0.9,6.0,7.0,8.3,1.8,1.2,3.9,3.6,34.4,111.0,113,30.91375
gillan01,Anthony Gill,PF,29,WAS,44,0,463,6.6,11.6,0.569,1.5,2.8,0.538,5.1,8.9,0.578,4.5,5.6,0.808,3.5,5.6,9.1,2.9,0.5,1.2,1.9,6.2,19.2,132.0,117,1.83609
goberru01,Rudy Gobert,C,29,UTA,66,66,2120,8.4,11.8,0.713,0.0,0.1,0.0,8.4,11.7,0.718,7.1,10.2,0.69,5.6,16.9,22.6,1.7,1.0,3.2,2.8,4.1,23.9,137.0,103,38.172414
gordoaa01,Aaron Gordon,PF,26,DEN,75,75,2376,9.0,17.2,0.52,1.8,5.4,0.335,7.2,11.9,0.605,3.5,4.7,0.743,2.6,6.5,9.1,3.9,0.9,0.9,2.7,3.1,23.2,115.0,114,19.690909
gordoer01,Eric Gordon,SG,33,HOU,57,46,1669,7.6,16.1,0.475,3.5,8.6,0.412,4.1,7.5,0.548,3.0,3.8,0.778,0.4,2.8,3.2,4.4,0.8,0.5,3.1,1.8,21.8,111.0,121,19.56836
grahade01,Devonte' Graham,PG,26,NOP,76,63,2162,6.8,18.6,0.363,4.4,12.9,0.341,2.4,5.8,0.413,2.7,3.2,0.843,0.8,3.2,4.0,7.2,1.6,0.3,2.4,2.2,20.6,109.0,116,11.55
grantje01,Jerami Grant,PF,27,DET,47,47,1500,9.7,22.7,0.426,3.0,8.3,0.358,6.7,14.5,0.465,7.1,8.4,0.838,0.9,5.3,6.2,3.6,1.4,1.6,2.8,3.5,29.4,109.0,114,20.955
greenda02,Danny Green,SF,34,PHI,62,28,1353,4.6,11.8,0.394,3.8,10.0,0.38,0.8,1.8,0.469,0.4,0.5,0.786,1.2,4.6,5.8,2.4,2.2,1.4,1.7,3.9,13.5,106.0,111,10.0
greendr01,Draymond Green,PF,31,GSW,46,44,1329,5.0,9.4,0.525,0.6,2.0,0.296,4.4,7.4,0.586,2.2,3.3,0.659,1.7,10.7,12.3,11.7,2.2,1.8,5.1,5.0,12.7,109.0,103,25.806468
greenja05,Jalen Green,SG,19,HOU,67,67,2138,9.0,21.2,0.426,3.5,10.2,0.343,5.5,11.0,0.502,4.2,5.3,0.797,0.7,4.3,5.0,3.9,1.0,0.4,3.0,2.3,25.8,105.0,120,9.44184
greenja02,Javonte Green,SF,28,CHI,65,45,1519,5.7,10.4,0.542,1.2,3.2,0.356,4.5,7.2,0.625,2.6,3.1,0.833,2.9,5.9,8.9,1.9,2.2,1.0,1.0,4.2,15.0,131.0,112,1.815677
greenje02,Jeff Green,PF,35,DEN,75,63,1849,7.3,14.0,0.524,1.4,4.5,0.315,5.9,9.6,0.62,4.4,5.3,0.833,1.1,5.0,6.1,2.5,0.7,0.7,1.9,4.0,20.5,119.0,115,4.5
greenjo02,Josh Green,SG,21,DAL,67,3,1039,6.3,12.4,0.508,1.4,3.8,0.359,4.9,8.6,0.573,1.5,2.2,0.689,2.5,5.3,7.8,3.8,2.2,0.7,2.1,5.6,15.5,114.0,109,3.0984
griffbl01,Blake Griffin,C,32,BRK,56,24,958,6.7,15.8,0.425,1.9,7.3,0.262,4.8,8.5,0.565,2.8,3.8,0.724,3.0,8.5,11.5,5.3,1.4,0.7,1.6,4.8,18.2,115.0,113,1.83609
grimequ01,Quentin Grimes,SG,21,NYK,46,6,786,6.0,15.0,0.404,4.6,12.0,0.381,1.5,2.9,0.5,0.8,1.2,0.684,1.5,4.5,6.0,2.8,2.0,0.7,1.8,4.6,17.5,111.0,111,2.277
hachiru01,Rui Hachimura,PF,23,WAS,42,13,943,9.8,20.0,0.491,2.9,6.5,0.447,6.9,13.5,0.512,2.4,3.5,0.697,1.3,7.1,8.4,2.5,1.2,0.5,1.7,2.8,24.9,111.0,116,6.263188
hamptrj01,R.J. Hampton,SG,20,ORL,64,14,1402,6.0,15.8,0.383,2.2,6.3,0.35,3.8,9.5,0.405,2.6,4.0,0.641,0.8,5.9,6.7,5.5,1.4,0.4,3.0,3.5,16.9,94.0,114,2.41284
hardati02,Tim Hardaway Jr.,SG,29,DAL,42,20,1245,8.4,21.4,0.394,4.1,12.3,0.336,4.3,9.1,0.473,3.2,4.2,0.757,0.5,5.8,6.3,3.7,1.5,0.2,1.4,3.0,24.2,107.0,111,19.602273
harklma01,Maurice Harkless,SF,28,SAC,47,24,863,4.6,10.1,0.459,1.7,5.6,0.307,2.9,4.5,0.65,1.1,1.6,0.714,0.7,5.6,6.2,1.3,1.6,1.3,1.7,4.3,12.1,101.0,115,4.56498
harriga01,Gary Harris,SG,27,ORL,61,30,1730,6.7,15.5,0.434,3.2,8.4,0.384,3.5,7.0,0.494,2.3,2.7,0.874,1.0,2.4,3.4,3.0,1.6,0.3,1.7,3.1,19.0,110.0,116,13.0
harrijo01,Joe Harris,SF,30,BRK,14,14,423,6.4,14.2,0.452,4.7,10.1,0.466,1.7,4.1,0.417,0.6,0.7,0.833,0.6,5.8,6.4,1.6,0.8,0.2,1.8,3.6,18.1,112.0,116,18.642857
harrito02,Tobias Harris,PF,29,PHI,73,73,2543,9.7,20.0,0.482,2.0,5.4,0.367,7.7,14.7,0.525,3.3,4.0,0.842,1.5,8.2,9.7,4.9,0.9,0.8,2.3,3.2,24.7,113.0,112,37.63305
harteis01,Isaiah Hartenstein,C,23,LAC,68,0,1216,9.2,14.7,0.626,0.6,1.2,0.467,8.7,13.5,0.64,3.7,5.3,0.689,4.7,8.7,13.4,6.4,2.0,3.1,3.4,6.7,22.7,127.0,106,7.804879
hasleud01,Udonis Haslem,C,41,MIA,13,0,83,8.4,18.7,0.452,0.6,2.4,0.25,7.8,16.3,0.481,1.8,1.8,1.0,2.4,12.7,15.1,2.4,0.6,0.6,3.0,9.0,19.3,96.0,108,1.83609
hayesja02,Jaxson Hayes,C,21,NOP,70,28,1398,8.7,14.1,0.616,0.7,2.0,0.351,7.9,12.0,0.66,5.1,6.6,0.766,4.1,7.1,11.1,1.5,1.2,1.9,1.9,5.5,23.1,132.0,113,6.803012
hayeski01,Killian Hayes,PG,20,DET,66,40,1647,5.2,13.6,0.383,1.3,4.9,0.263,3.9,8.7,0.452,1.7,2.2,0.77,1.1,5.2,6.2,8.2,2.3,1.0,3.3,5.4,13.4,97.0,113,5.83776
haywago01,Gordon Hayward,SF,31,CHO,49,48,1564,8.7,18.9,0.459,2.6,6.8,0.391,6.0,12.2,0.496,3.9,4.6,0.846,1.2,5.7,6.9,5.4,1.4,0.7,2.5,2.6,23.9,113.0,116,30.075
hernawi01,Willy Hernangómez,C,27,NOP,50,8,839,10.0,19.2,0.52,0.2,0.7,0.333,9.8,18.5,0.527,6.4,8.3,0.773,8.4,11.5,19.9,3.7,1.2,1.1,3.0,5.7,26.7,122.0,111,2.443581
herroty01,Tyler Herro,SG,22,MIA,66,10,2151,11.7,26.1,0.447,4.1,10.2,0.399,7.6,15.9,0.477,4.4,5.1,0.868,0.7,6.9,7.7,6.1,1.0,0.2,4.0,2.2,31.8,107.0,111,5.722116
highsha01,Haywood Highsmith,SF,25,MIA,19,1,163,4.9,14.1,0.348,2.8,8.6,0.321,2.1,5.5,0.389,0.6,1.5,0.4,3.1,4.9,8.0,1.8,0.6,0.9,0.9,4.0,13.2,101.0,112,1.752638
hillge01,George Hill,PG,35,MIL,54,17,1253,4.5,10.5,0.429,1.6,5.1,0.306,3.0,5.4,0.546,2.2,2.4,0.919,1.5,4.5,5.9,4.6,1.6,0.2,1.6,2.7,12.8,117.0,114,4.0
holidjr01,Jrue Holiday,PG,31,MIL,67,64,2207,10.4,20.8,0.501,2.9,7.0,0.411,7.5,13.8,0.547,3.0,3.9,0.761,1.5,5.0,6.6,9.9,2.4,0.6,4.0,2.9,26.7,117.0,112,33.66504
holmeri01,Richaun Holmes,C,28,SAC,45,37,1074,8.9,13.4,0.66,0.1,0.2,0.4,8.8,13.2,0.664,3.1,4.0,0.778,4.2,10.0,14.2,2.2,0.8,1.8,2.5,5.7,21.0,127.0,114,11.21526
horfoal01,Al Horford,C,35,BOS,69,69,2005,6.6,14.1,0.467,2.2,6.6,0.336,4.4,7.5,0.582,2.0,2.4,0.842,2.7,10.5,13.1,5.7,1.2,2.3,1.6,3.2,17.4,124.0,104,26.5
hortota01,Talen Horton-Tucker,SG,21,LAL,60,19,1511,7.1,17.1,0.416,1.6,5.8,0.269,5.6,11.3,0.492,3.2,4.0,0.8,1.2,4.9,6.1,5.0,1.9,0.9,2.6,4.7,18.9,102.0,114,10.26
huertke01,Kevin Huerter,SF,23,ATL,74,60,2188,7.7,17.1,0.454,3.6,9.2,0.389,4.2,7.8,0.53,0.9,1.2,0.808,0.7,5.0,5.7,4.6,1.2,0.6,2.0,4.2,20.0,112.0,117,14.508929
huntede01,De'Andre Hunter,SF,24,ATL,53,52,1577,7.9,17.9,0.442,2.3,6.1,0.379,5.6,11.8,0.474,4.0,5.2,0.765,0.8,4.7,5.5,2.1,1.1,0.7,2.2,4.8,22.1,106.0,117,9.835881
hylanbo01,Bones Hyland,SG,21,DEN,69,4,1310,8.6,21.4,0.403,4.9,13.4,0.366,3.7,8.0,0.465,4.0,4.7,0.856,0.5,6.5,7.0,7.2,1.5,0.7,3.2,5.7,26.1,109.0,112,2.20152
iguodan01,Andre Iguodala,SF,38,GSW,31,0,603,3.7,9.8,0.38,1.4,6.0,0.23,2.3,3.8,0.617,1.2,1.6,0.75,1.7,6.4,8.1,9.2,2.2,1.8,2.3,2.7,10.0,114.0,106,1.83609
inglejo01,Joe Ingles,SF,34,UTA,45,15,1122,5.1,12.6,0.404,3.4,9.9,0.347,1.6,2.6,0.617,0.7,1.0,0.773,0.5,5.2,5.8,7.0,1.0,0.2,2.0,3.6,14.3,117.0,114,6.479
ingrabr01,Brandon Ingram,SF,24,NOP,55,55,1869,12.0,26.0,0.461,2.0,6.0,0.327,10.0,20.0,0.501,7.0,8.5,0.826,0.9,7.5,8.5,8.1,0.9,0.7,4.0,3.1,32.9,111.0,115,31.6506
irvinky01,Kyrie Irving,PG,29,BRK,29,29,1091,12.8,27.4,0.469,4.4,10.6,0.418,8.4,16.8,0.501,5.2,5.7,0.915,0.7,4.9,5.6,7.4,1.8,0.8,3.2,3.6,35.4,117.0,114,36.93455
jacksis01,Isaiah Jackson,PF,20,IND,36,15,541,10.5,18.6,0.563,0.5,1.4,0.313,10.0,17.2,0.584,5.4,8.0,0.682,5.4,8.1,13.5,0.9,2.3,4.7,3.6,8.3,26.9,113.0,109,2.57376
jacksja02,Jaren Jackson Jr.,PF,22,MEM,78,78,2126,9.7,23.3,0.415,2.9,9.0,0.319,6.8,14.3,0.476,6.4,7.8,0.823,2.7,7.5,10.2,1.9,1.6,4.0,2.9,6.1,28.6,109.0,106,28.946605
jacksre01,Reggie Jackson,SG,31,LAC,75,75,2337,10.0,25.6,0.392,3.5,10.7,0.326,6.5,14.9,0.439,2.9,3.4,0.847,0.8,4.9,5.7,7.5,1.2,0.3,3.6,3.3,26.5,99.0,113,11.21526
jamesle01,LeBron James,PF,37,LAL,56,56,2084,14.7,28.1,0.524,3.7,10.3,0.359,11.0,17.8,0.62,5.8,7.7,0.756,1.4,9.1,10.6,8.0,1.7,1.4,4.5,2.8,39.0,117.0,111,44.474988
jeromty01,Ty Jerome,SG,24,OKC,48,4,801,7.5,19.9,0.378,3.3,11.3,0.29,4.3,8.6,0.493,2.3,2.9,0.809,1.2,3.6,4.7,6.6,1.8,0.3,2.2,4.4,20.7,103.0,115,4.220057
joeis01,Isaiah Joe,SG,22,PHI,55,1,609,5.1,14.5,0.35,3.7,11.1,0.333,1.4,3.4,0.405,2.4,2.5,0.935,0.5,4.1,4.6,2.9,1.1,0.2,1.6,3.8,16.2,103.0,115,1.83609
johnsca02,Cameron Johnson,PF,25,PHO,66,16,1730,7.8,16.9,0.46,4.6,10.9,0.425,3.1,6.0,0.523,2.7,3.2,0.86,1.2,6.4,7.6,2.8,1.6,0.4,1.3,3.1,22.9,123.0,109,5.887899
johnsja05,Jalen Johnson,PF,20,ATL,22,0,120,9.0,16.8,0.537,1.2,5.3,0.231,7.8,11.5,0.679,2.0,2.9,0.714,0.8,9.8,10.6,1.2,1.2,0.8,3.7,3.7,21.3,98.0,114,2.79264
johnsja01,James Johnson,PF,34,BRK,62,10,1191,5.9,12.5,0.469,0.9,3.5,0.271,4.9,9.0,0.545,1.2,2.2,0.527,2.1,6.7,8.8,5.3,1.2,1.4,2.0,6.6,13.8,109.0,113,1.83609
johnske04,Keldon Johnson,SF,22,SAS,75,74,2392,9.4,20.3,0.466,3.2,8.0,0.398,6.3,12.3,0.51,3.6,4.7,0.756,1.6,7.6,9.2,3.2,1.2,0.3,1.8,3.0,25.6,114.0,114,3.873025
johnsst04,Stanley Johnson,PF,25,LAL,48,27,1094,5.1,11.0,0.466,1.4,4.6,0.314,3.7,6.4,0.575,2.3,3.2,0.716,1.5,5.3,6.8,3.5,1.9,0.6,1.5,4.8,14.0,114.0,114,2.351521
jokicni01,Nikola Jokić,C,26,DEN,74,74,2476,15.1,26.0,0.583,1.9,5.7,0.337,13.2,20.3,0.652,7.5,9.3,0.81,4.1,16.1,20.2,11.6,2.2,1.2,5.6,3.8,39.7,126.0,105,33.047803
jonesda03,Damian Jones,C,26,SAC,56,15,1017,8.3,12.6,0.658,0.5,1.4,0.345,7.8,11.2,0.696,4.4,6.2,0.718,3.5,8.1,11.6,3.3,1.2,2.2,2.8,6.2,21.5,128.0,113,2.298385
jonesde02,Derrick Jones Jr.,PF,24,CHI,51,8,899,5.7,10.6,0.538,1.1,3.3,0.328,4.6,7.3,0.634,3.0,3.8,0.8,3.3,5.9,9.2,1.6,1.4,1.8,1.6,5.7,15.5,124.0,113,3.2
joneshe01,Herbert Jones,PF,23,NOP,78,69,2335,5.8,12.2,0.476,1.2,3.6,0.337,4.6,8.6,0.533,2.9,3.4,0.84,2.1,4.2,6.3,3.5,2.7,1.3,2.1,5.0,15.7,114.0,112,1.785
joneska01,Kai Jones,C,21,CHO,21,0,63,6.9,10.7,0.643,0.8,1.5,0.5,6.1,9.1,0.667,2.3,6.1,0.375,2.3,6.1,8.4,3.0,0.8,1.5,4.6,6.1,16.8,98.0,116,2.90904
jonestr01,Tre Jones,PG,22,SAS,69,11,1148,6.9,14.2,0.49,0.4,2.1,0.196,6.5,12.0,0.542,3.0,3.8,0.78,1.2,5.3,6.5,9.7,1.8,0.3,1.9,3.3,17.3,120.0,114,1.782621
jonesty01,Tyus Jones,PG,25,MEM,73,23,1549,7.7,17.0,0.451,2.5,6.3,0.39,5.2,10.7,0.487,1.7,2.0,0.818,0.5,4.9,5.4,10.0,2.0,0.1,1.4,1.0,19.5,125.0,112,15.0
josepco01,Cory Joseph,PG,30,DET,65,39,1600,5.4,12.2,0.445,2.0,4.8,0.414,3.4,7.4,0.465,3.0,3.4,0.885,0.9,4.4,5.3,7.2,1.3,0.5,2.6,4.5,15.9,115.0,116,5.1555
kaminfr01,Frank Kaminsky,C,28,PHO,9,0,181,9.6,17.5,0.545,1.3,4.0,0.333,8.2,13.6,0.608,4.8,5.3,0.9,2.9,8.0,10.9,3.5,2.1,1.9,1.3,3.7,25.3,130.0,105,1.83609
kennalu01,Luke Kennard,SG,25,LAC,70,13,1919,7.3,16.3,0.449,4.9,10.8,0.449,2.5,5.5,0.449,1.8,2.0,0.896,0.5,5.3,5.8,3.7,1.1,0.2,1.5,2.6,21.3,119.0,113,14.415545
kispeco01,Corey Kispert,SF,22,WAS,77,36,1801,6.4,14.1,0.455,3.1,8.8,0.35,3.4,5.3,0.629,1.5,1.7,0.871,1.5,4.3,5.7,2.3,1.0,0.6,1.4,2.6,17.4,114.0,118,3.55284
klebima01,Maxi Kleber,PF,30,DAL,59,21,1450,4.9,12.3,0.398,2.9,8.9,0.325,2.0,3.4,0.586,1.6,2.3,0.708,2.4,9.7,12.1,2.4,1.0,2.0,1.6,4.8,14.3,109.0,107,9.0
knighna01,Nathan Knight,PF,24,MIN,37,2,267,8.0,15.7,0.511,0.7,2.3,0.308,7.3,13.4,0.547,7.8,10.7,0.733,5.7,9.4,15.1,3.9,1.2,1.4,3.2,7.5,24.6,122.0,111,1.83609
konchjo01,John Konchar,SG,25,MEM,72,7,1292,5.0,9.7,0.515,1.9,4.7,0.413,3.1,5.0,0.61,1.0,1.8,0.551,3.2,9.0,12.2,4.0,1.7,0.8,1.1,3.3,12.9,133.0,109,2.3
korkmfu01,Furkan Korkmaz,SG,24,PHI,67,19,1414,6.4,16.6,0.387,2.7,9.4,0.289,3.7,7.2,0.515,2.4,3.0,0.81,0.8,5.4,6.2,4.5,1.2,0.3,1.7,2.0,18.0,104.0,114,5.0
krejcvi01,Vit Krejci,SG,21,OKC,30,8,690,4.8,11.8,0.407,2.3,6.9,0.327,2.5,4.9,0.522,1.3,1.6,0.864,1.3,5.9,7.1,4.0,1.3,0.6,2.0,4.6,13.2,105.0,115,1.563518
kuminjo01,Jonathan Kuminga,SF,19,GSW,70,12,1185,9.7,18.9,0.513,2.1,6.1,0.336,7.7,12.8,0.598,5.3,7.8,0.684,2.2,7.4,9.6,2.6,1.3,0.9,3.0,6.0,26.8,112.0,108,5.73984
kuzmaky01,Kyle Kuzma,PF,26,WAS,66,66,2204,9.5,21.0,0.452,2.9,8.4,0.341,6.6,12.6,0.526,3.5,4.9,0.712,1.6,11.0,12.6,5.2,0.9,1.3,3.8,2.9,25.4,103.0,113,13.0
landajo01,Jock Landale,C,26,SAS,54,1,589,8.2,16.6,0.495,2.4,7.2,0.326,5.9,9.4,0.626,2.8,3.3,0.829,5.1,6.1,11.2,3.7,0.8,1.1,2.5,4.3,21.6,119.0,114,1.563518
lavinza01,Zach LaVine,SG,26,CHI,67,67,2328,11.8,24.9,0.476,3.9,10.0,0.389,8.0,14.9,0.534,6.7,7.9,0.853,0.5,6.0,6.5,6.4,0.9,0.5,3.6,2.5,34.3,115.0,116,37.0965
leeda03,Damion Lee,SG,29,GSW,63,5,1256,6.6,14.9,0.441,2.4,7.3,0.337,4.1,7.6,0.541,2.6,2.9,0.88,1.0,6.8,7.9,2.4,1.5,0.2,1.5,3.7,18.1,111.0,109,1.83609
leesa01,Saben Lee,PG,22,DET,37,0,604,5.6,14.3,0.39,1.1,4.8,0.233,4.4,9.5,0.47,4.5,5.7,0.789,1.5,5.6,7.0,8.6,2.9,1.0,2.9,3.6,16.8,107.0,112,1.752638
lenal01,Alex Len,C,28,SAC,39,10,620,7.3,13.7,0.534,0.5,1.6,0.286,6.8,12.0,0.568,3.2,4.9,0.651,4.0,8.5,12.5,3.5,1.0,1.9,3.3,7.8,18.2,109.0,114,3.9186
lewiski01,Kira Lewis Jr.,PG,20,NOP,24,0,341,8.5,21.1,0.404,1.9,8.4,0.224,6.7,12.7,0.523,1.4,1.7,0.833,1.3,4.3,5.6,7.1,1.6,0.1,3.8,2.5,20.4,96.0,116,4.00428
lillada01,Damian Lillard,PG,31,POR,29,29,1056,10.3,25.5,0.402,4.3,13.1,0.324,6.0,12.4,0.485,7.4,8.4,0.878,0.6,5.0,5.6,9.8,0.8,0.5,3.8,1.7,32.2,112.0,120,42.492492
littlna01,Nassir Little,SF,21,POR,42,23,1088,6.5,14.1,0.46,2.3,6.9,0.331,4.2,7.2,0.584,3.1,4.2,0.734,2.6,8.0,10.6,2.4,1.1,1.6,1.8,3.7,18.4,115.0,116,4.171548
liveris01,Isaiah Livers,SF,23,DET,19,5,383,5.2,11.5,0.456,3.4,8.2,0.422,1.8,3.3,0.538,1.5,1.8,0.857,1.9,5.4,7.3,2.7,1.7,0.9,1.9,4.7,15.4,118.0,115,1.563518
looneke01,Kevon Looney,C,25,GSW,82,80,1732,5.9,10.2,0.571,0.0,0.0,0.0,5.9,10.2,0.573,2.1,3.5,0.6,5.9,10.9,16.8,4.6,1.4,1.5,1.9,6.1,13.8,128.0,105,8.0
lopezbr01,Brook Lopez,C,33,MIL,13,11,298,9.8,21.1,0.466,3.1,8.5,0.358,6.8,12.6,0.538,3.2,3.7,0.87,3.1,5.5,8.5,1.0,1.3,2.4,1.9,5.5,25.9,112.0,111,13.906976
lopezro01,Robin Lopez,C,33,ORL,36,9,612,8.7,15.7,0.553,0.2,0.5,0.333,8.5,15.3,0.56,2.5,4.3,0.593,5.4,4.6,10.0,4.3,0.2,1.4,3.5,5.3,20.1,110.0,116,1.83609
loveke01,Kevin Love,C,33,CLE,74,4,1665,9.8,22.8,0.43,5.6,14.3,0.392,4.2,8.5,0.493,5.0,5.9,0.838,2.6,13.5,16.1,4.8,0.8,0.5,2.9,3.0,30.2,117.0,108,28.94283
lowryky01,Kyle Lowry,PG,35,MIA,63,63,2133,6.5,14.7,0.44,3.4,9.0,0.377,3.1,5.7,0.539,3.5,4.1,0.851,0.8,5.8,6.6,11.1,1.6,0.4,3.9,4.2,19.8,118.0,110,28.333334
maledth01,Théo Maledon,PG,20,OKC,51,7,908,6.4,17.0,0.375,2.4,8.0,0.293,4.0,9.0,0.449,4.2,5.4,0.79,1.1,6.0,7.0,6.0,1.7,0.6,3.5,3.6,19.4,99.0,114,1.9
mannte01,Terance Mann,SF,25,LAC,81,33,2317,7.1,14.6,0.484,1.6,4.4,0.365,5.5,10.2,0.535,2.7,3.5,0.78,2.2,6.8,9.0,4.4,1.2,0.4,1.8,3.8,18.4,117.0,112,1.930681
manntr01,Tre Mann,PG,20,OKC,60,26,1367,8.2,21.0,0.393,3.5,9.7,0.36,4.7,11.3,0.421,2.3,2.9,0.793,0.9,5.2,6.1,3.2,1.7,0.4,2.5,3.6,22.3,97.0,114,3.0462
marjabo01,Boban Marjanović,C,33,DAL,23,0,128,16.5,27.5,0.6,0.4,1.6,0.25,16.1,26.0,0.621,5.1,8.7,0.591,3.1,12.2,15.3,1.2,0.0,1.2,5.9,9.4,38.5,101.0,109,3.5
markkla01,Lauri Markkanen,SF,24,CLE,61,61,1878,8.3,18.7,0.445,3.6,10.1,0.358,4.7,8.6,0.548,3.7,4.2,0.868,1.6,7.6,9.2,2.2,1.2,0.8,1.4,3.5,23.9,117.0,110,16.475454
marshna01,Naji Marshall,SF,24,NOP,55,4,735,7.3,18.1,0.405,1.4,7.1,0.2,5.9,11.0,0.537,5.0,6.2,0.796,2.6,7.0,9.5,4.2,2.2,0.5,3.1,4.6,21.0,103.0,112,1.782621
martica02,Caleb Martin,SF,26,MIA,60,12,1372,7.6,15.0,0.507,2.3,5.7,0.413,5.3,9.3,0.565,2.6,3.4,0.763,2.6,5.8,8.4,2.3,2.1,1.1,1.9,3.8,20.1,119.0,108,6.479
martico01,Cody Martin,SF,26,CHO,71,11,1866,5.2,10.9,0.482,1.6,4.1,0.384,3.7,6.8,0.542,1.9,2.8,0.701,2.1,5.2,7.3,4.6,2.3,0.8,1.6,3.0,14.0,120.0,114,7.0
martike04,Kenyon Martin Jr.,SF,21,HOU,79,2,1656,8.0,15.0,0.533,1.7,4.8,0.357,6.3,10.2,0.617,2.2,3.5,0.634,2.3,6.2,8.5,2.9,1.0,1.1,1.7,3.2,20.0,118.0,118,1.782621
mathega01,Garrison Mathews,SG,25,HOU,65,33,1712,5.1,12.8,0.399,3.9,10.7,0.36,1.3,2.1,0.6,4.0,5.0,0.794,0.9,4.4,5.3,1.8,1.6,0.7,1.1,4.7,18.1,120.0,118,2.0
matthwe02,Wesley Matthews,SG,35,MIL,49,14,1002,4.2,10.5,0.395,2.5,7.5,0.338,1.6,3.0,0.54,1.1,1.3,0.786,1.4,3.0,4.4,1.7,1.1,0.4,0.9,4.2,11.9,113.0,116,1.83609
maxeyty01,Tyrese Maxey,PG,21,PHI,75,74,2650,9.1,18.7,0.485,2.5,5.8,0.427,6.6,12.9,0.512,4.0,4.6,0.866,0.5,4.0,4.5,6.0,1.0,0.6,1.7,2.9,24.7,121.0,115,2.72688
mcbrimi01,Miles McBride,PG,21,NYK,40,2,372,4.3,14.5,0.296,2.3,9.1,0.25,2.0,5.4,0.375,1.1,1.6,0.667,0.5,5.1,5.6,5.5,1.9,0.1,0.7,6.1,12.0,98.0,112,1.563518
mccontj01,T.J. McConnell,PG,29,IND,27,8,652,7.5,15.6,0.481,0.8,2.5,0.303,6.8,13.1,0.514,1.4,1.7,0.826,1.5,5.3,6.8,9.8,2.2,0.8,2.2,4.0,17.2,117.0,116,8.1
mcdanja02,Jaden McDaniels,PF,21,MIN,70,31,1803,6.7,14.6,0.46,2.1,6.6,0.317,4.6,8.0,0.579,1.5,1.9,0.803,2.0,5.7,7.7,2.1,1.4,1.4,2.0,5.9,17.1,108.0,113,2.16144
mcdanja01,Jalen McDaniels,SF,24,CHO,55,2,895,6.6,13.6,0.484,2.2,5.8,0.38,4.4,7.8,0.562,2.8,3.9,0.736,2.0,7.1,9.1,3.1,1.4,1.2,1.9,5.0,18.2,116.0,114,1.930681
mcderdo01,Doug McDermott,PF,30,SAS,51,51,1223,8.4,18.2,0.462,4.2,10.0,0.422,4.2,8.2,0.512,1.6,2.0,0.784,0.7,3.8,4.5,2.5,0.5,0.2,1.7,3.1,22.7,112.0,118,13.75
mcgeeja01,JaVale McGee,C,34,PHO,74,17,1172,11.8,18.8,0.629,0.1,0.4,0.222,11.7,18.4,0.637,4.2,6.0,0.699,6.7,13.7,20.4,1.7,0.9,3.3,4.0,7.4,27.9,118.0,102,5.461219
mcgruro01,Rodney McGruder,SG,30,DET,51,2,754,6.3,14.6,0.436,3.8,9.4,0.397,2.6,5.1,0.506,1.2,1.7,0.731,2.0,5.2,7.2,3.1,1.4,0.5,1.6,3.8,17.7,115.0,116,1.83609
mclaujo01,Jordan McLaughlin,PG,25,MIN,62,3,902,4.6,10.5,0.44,1.4,4.5,0.318,3.2,6.1,0.53,1.6,2.1,0.75,1.2,3.8,5.0,9.5,3.0,0.5,2.0,2.8,12.3,122.0,112,2.16
meltode01,De'Anthony Melton,SG,23,MEM,73,15,1657,8.1,20.1,0.404,4.0,10.7,0.374,4.1,9.3,0.44,2.6,3.5,0.75,1.8,7.6,9.5,5.6,3.0,1.1,3.2,3.7,22.8,108.0,107,8.25
merrisa01,Sam Merrill,SG,25,MEM,6,0,58,6.6,19.8,0.333,5.8,19.0,0.304,0.8,0.8,1.0,1.6,3.3,0.5,0.8,4.9,5.8,3.3,0.0,0.0,1.6,2.5,20.6,104.0,116,0.15
metuch01,Chimezie Metu,C,24,SAC,60,20,1279,7.6,16.9,0.452,2.1,7.0,0.306,5.5,9.9,0.555,2.7,3.4,0.78,1.3,11.3,12.6,2.3,1.9,1.2,2.3,3.5,20.1,104.0,111,1.91086
middlkh01,Khris Middleton,SF,30,MIL,66,66,2141,10.1,22.9,0.443,3.6,9.7,0.373,6.5,13.2,0.494,5.8,6.5,0.89,0.9,7.1,8.0,8.0,1.7,0.4,4.3,3.6,29.7,112.0,112,37.948276
millspa02,Patty Mills,SG,33,BRK,81,48,2346,6.7,16.4,0.408,4.7,11.7,0.4,2.0,4.7,0.429,1.0,1.2,0.814,0.4,2.9,3.2,3.8,1.1,0.4,1.5,2.3,19.1,112.0,117,6.479
miltosh01,Shake Milton,SG,25,PHI,55,6,1179,7.3,17.0,0.429,1.8,5.6,0.323,5.5,11.4,0.481,2.6,3.1,0.836,1.3,4.7,6.0,5.9,1.2,0.7,1.9,4.2,19.0,109.0,114,1.997718
mitchda01,Davion Mitchell,PG,23,SAC,75,19,2076,8.2,19.5,0.418,2.3,7.4,0.316,5.8,12.1,0.48,1.3,2.0,0.659,0.8,3.1,3.8,7.3,1.3,0.6,2.6,3.3,20.0,101.0,118,4.8336
mitchdo01,Donovan Mitchell,SG,25,UTA,67,67,2266,13.5,30.0,0.448,5.1,14.3,0.355,8.4,15.7,0.533,5.8,6.8,0.853,1.2,5.0,6.2,7.8,2.2,0.3,4.4,3.6,37.8,114.0,111,30.35178
mobleev01,Evan Mobley,PF,20,CLE,69,69,2331,9.0,17.8,0.508,0.5,2.0,0.25,8.5,15.8,0.541,3.6,5.4,0.663,3.1,9.1,12.2,3.7,1.2,2.5,2.8,3.1,22.2,109.0,107,8.47872
monkma01,Malik Monk,SG,23,LAL,76,37,2139,8.8,18.5,0.473,3.9,9.9,0.391,4.9,8.6,0.568,2.1,2.6,0.795,0.8,4.9,5.7,4.9,1.4,0.6,2.7,3.1,23.5,112.0,115,9.472219
moodymo01,Moses Moody,SG,19,GSW,52,11,607,6.4,14.7,0.437,3.2,8.8,0.364,3.2,5.9,0.548,2.2,2.9,0.778,1.4,5.1,6.4,1.8,0.6,0.8,1.0,3.5,18.3,115.0,111,3.74016
moranja01,Ja Morant,PG,22,MEM,57,57,1889,14.7,29.8,0.493,2.2,6.5,0.344,12.5,23.3,0.534,8.0,10.5,0.761,2.0,6.3,8.2,9.7,1.7,0.6,5.0,2.2,39.6,116.0,111,12.11944
morrima03,Marcus Morris,PF,32,LAC,54,54,1564,9.4,21.6,0.434,3.2,8.6,0.367,6.2,13.0,0.478,4.0,4.6,0.872,0.8,6.7,7.5,3.5,0.9,0.6,2.2,3.6,26.0,108.0,112,16.372093
morrima02,Markieff Morris,PF,32,MIA,17,1,298,9.1,19.1,0.474,2.2,6.5,0.333,6.9,12.6,0.547,1.3,1.5,0.889,2.9,4.7,7.6,3.9,1.0,0.2,3.4,5.5,21.7,104.0,112,1.83609
morrimo01,Monte Morris,PG,26,DEN,75,74,2239,8.2,16.9,0.484,2.7,6.9,0.395,5.5,10.1,0.545,1.6,1.8,0.869,0.6,4.4,5.0,7.3,1.2,0.3,1.7,2.0,20.7,120.0,115,9.125
murphtr02,Trey Murphy III,SF,21,NOP,62,1,864,6.2,15.8,0.394,4.1,10.6,0.382,2.2,5.2,0.418,2.6,2.9,0.882,2.7,5.7,8.4,2.2,1.3,0.4,0.9,3.4,19.1,120.0,115,3.20652
murrade01,Dejounte Murray,PG,25,SAS,68,68,2366,11.6,25.2,0.462,1.9,6.0,0.327,9.7,19.2,0.504,4.0,5.0,0.794,1.6,9.8,11.4,12.7,2.8,0.5,3.7,2.8,29.2,113.0,108,16.57112
muscami01,Mike Muscala,C,30,OKC,43,0,592,9.3,20.4,0.456,5.8,13.4,0.429,3.5,7.0,0.506,3.9,4.7,0.842,1.7,8.9,10.6,1.8,1.5,2.1,1.2,4.8,28.3,124.0,110,3.5
nesmiaa01,Aaron Nesmith,SF,22,BOS,52,3,574,6.2,15.8,0.396,2.7,10.0,0.27,3.5,5.8,0.612,1.8,2.3,0.808,1.3,6.4,7.7,1.9,1.7,0.4,2.7,6.1,17.0,95.0,108,3.80436
netora01,Raul Neto,PG,29,WAS,70,19,1372,7.4,15.9,0.463,1.3,4.3,0.292,6.1,11.6,0.526,3.0,3.9,0.769,0.5,4.4,4.8,7.8,2.0,0.1,2.8,3.7,19.0,108.0,116,1.83609
niangge01,Georges Niang,PF,28,PHI,76,7,1736,7.1,16.2,0.437,4.5,11.1,0.403,2.6,5.1,0.511,1.5,1.7,0.881,0.7,5.1,5.8,2.9,0.9,0.4,1.7,5.5,20.1,113.0,115,3.465
nixda01,Daishen Nix,SG,19,HOU,24,0,261,4.9,12.2,0.403,1.3,4.7,0.269,3.6,7.5,0.488,2.9,5.5,0.533,1.3,4.7,6.0,7.3,2.7,0.0,4.7,3.8,14.0,92.0,116,1.563518
nnajize01,Zeke Nnaji,PF,21,DEN,41,1,698,6.7,13.1,0.516,2.6,5.6,0.463,4.1,7.5,0.557,2.9,4.6,0.631,3.9,6.4,10.3,1.2,1.1,0.9,1.6,5.6,19.0,123.0,113,2.6178
noelne01,Nerlens Noel,C,27,NYK,25,11,562,2.8,5.3,0.533,0.0,0.3,0.0,2.8,5.1,0.561,1.9,2.7,0.7,4.3,8.3,12.6,2.0,2.7,2.8,1.8,6.0,7.6,119.0,105,9.24
nowelja01,Jaylen Nowell,SG,22,MIN,62,1,975,9.6,20.2,0.475,3.1,7.8,0.394,6.5,12.3,0.526,3.5,4.5,0.783,1.1,4.9,6.0,6.3,1.3,0.5,1.8,3.6,25.7,121.0,115,1.930681
ntilila01,Frank Ntilikina,SG,23,DAL,58,5,685,6.5,16.4,0.399,2.8,8.2,0.342,3.7,8.2,0.455,1.8,1.8,0.96,0.9,4.9,5.8,5.1,2.0,0.5,2.3,4.5,17.6,104.0,110,2.036318
nurkiju01,Jusuf Nurkić,C,27,POR,56,56,1579,9.9,18.6,0.535,0.5,1.7,0.268,9.5,16.8,0.563,5.7,8.3,0.69,5.2,14.0,19.2,4.9,1.9,1.1,4.4,5.8,26.1,112.0,112,15.625
nwabada01,David Nwaba,SF,29,HOU,46,4,609,6.6,13.8,0.483,1.2,3.8,0.306,5.5,9.9,0.551,3.8,5.2,0.716,3.2,8.6,11.8,2.7,2.2,1.6,1.6,4.3,18.2,117.0,113,5.022
nworajo01,Jordan Nwora,SF,23,MIL,62,13,1185,7.5,18.7,0.403,3.2,9.2,0.348,4.3,9.5,0.455,1.5,1.7,0.837,1.5,7.5,9.0,2.4,1.0,0.7,2.3,3.2,19.7,100.0,113,3.0
onealro01,Royce O'Neale,SF,28,UTA,77,77,2406,4.2,9.1,0.457,2.4,6.3,0.389,1.7,2.8,0.609,0.9,1.2,0.804,1.3,6.2,7.6,3.9,1.8,0.7,1.6,3.8,11.7,122.0,111,9.2
okekech01,Chuma Okeke,PF,23,ORL,70,20,1749,6.0,15.9,0.376,3.3,10.3,0.318,2.7,5.6,0.48,1.5,1.8,0.846,1.3,8.3,9.6,3.3,2.7,1.2,1.6,2.6,16.7,101.0,109,3.43332
okogijo01,Josh Okogie,SG,23,MIN,49,6,516,3.9,9.6,0.404,1.3,4.3,0.298,2.6,5.3,0.491,3.2,4.7,0.686,2.7,3.8,6.5,2.3,2.4,1.1,2.1,4.9,12.3,107.0,112,1.83609
okorois01,Isaac Okoro,SF,21,CLE,67,61,1981,5.2,10.9,0.48,1.4,4.0,0.35,3.8,6.9,0.555,3.0,3.9,0.768,1.8,3.3,5.1,3.1,1.4,0.6,1.5,4.1,14.8,120.0,113,7.04088
okpalkz01,KZ Okpala,PF,22,MIA,21,0,244,6.2,14.1,0.435,1.8,5.3,0.346,4.3,8.8,0.488,1.6,2.3,0.727,2.3,6.2,8.4,2.9,0.8,1.4,1.0,5.1,15.8,113.0,110,1.902133
oladivi01,Victor Oladipo,SG,29,MIA,8,1,173,10.1,21.1,0.479,4.3,10.4,0.417,5.8,10.7,0.541,4.0,5.5,0.737,0.9,5.8,6.7,8.1,1.4,0.3,4.6,3.8,28.6,113.0,111,8.75
olynyke01,Kelly Olynyk,C,30,DET,40,1,764,8.2,18.3,0.448,2.6,7.6,0.336,5.6,10.7,0.527,4.4,5.7,0.775,3.4,7.9,11.3,7.1,2.0,1.2,3.7,6.4,23.3,112.0,112,12.804878
osmande01,Cedi Osman,SF,26,CLE,66,3,1462,8.4,19.5,0.432,4.4,12.3,0.357,4.1,7.3,0.559,3.0,4.5,0.664,0.9,4.1,5.0,4.6,1.8,0.3,2.3,4.3,24.2,111.0,112,7.426088
oubreke01,Kelly Oubre Jr.,SF,26,CHO,76,13,1999,9.8,22.4,0.44,4.6,13.3,0.345,5.3,9.1,0.578,3.0,4.5,0.667,1.9,5.4,7.2,2.0,1.8,0.7,1.6,4.5,27.3,111.0,115,12.6
paulch01,Chris Paul,PG,36,PHO,65,65,2139,8.2,16.6,0.493,1.4,4.5,0.317,6.7,12.1,0.559,3.8,4.5,0.837,0.5,5.9,6.4,15.8,2.7,0.4,3.4,3.0,21.6,124.0,107,28.4
payneca01,Cameron Payne,PG,27,PHO,58,12,1278,9.0,22.1,0.409,2.7,7.9,0.336,6.4,14.2,0.449,2.8,3.4,0.843,0.9,5.7,6.6,10.6,1.5,0.6,3.9,4.5,23.6,104.0,109,6.0
paytoga02,Gary Payton II,SG,29,GSW,71,16,1247,8.3,13.5,0.616,1.7,4.7,0.358,6.6,8.8,0.754,1.4,2.3,0.603,2.8,6.8,9.7,2.5,3.8,0.9,1.6,5.1,19.6,129.0,103,8.3
pinsoth01,Theo Pinson,SF,26,DAL,19,0,148,4.8,13.3,0.359,3.4,10.2,0.333,1.4,3.1,0.444,3.4,3.4,1.0,0.7,6.5,7.1,5.8,1.7,0.7,1.7,4.1,16.3,117.0,109,1.83609
plumlma01,Mason Plumlee,C,31,CHO,73,73,1793,5.5,8.6,0.641,0.0,0.1,0.0,5.5,8.5,0.645,1.8,4.6,0.392,4.7,10.4,15.1,6.0,1.6,1.4,2.7,6.0,12.8,122.0,111,9.080417
poeltja01,Jakob Poeltl,C,26,SAS,68,67,1970,10.0,16.1,0.618,0.0,0.0,1.0,10.0,16.1,0.618,2.3,4.6,0.495,6.4,9.1,15.4,4.6,1.1,2.9,2.7,5.2,22.3,123.0,110,9.398148
pokusal01,Aleksej Pokusevski,PF,20,OKC,61,12,1233,7.3,18.0,0.408,2.3,7.8,0.289,5.1,10.2,0.498,1.4,2.0,0.7,2.9,9.7,12.6,5.2,1.5,1.5,3.7,3.5,18.3,96.0,111,3.26148
poolejo01,Jordan Poole,SG,22,GSW,76,51,2283,10.1,22.6,0.448,4.5,12.4,0.364,5.6,10.2,0.55,5.3,5.7,0.925,0.7,4.8,5.6,6.5,1.3,0.5,4.0,4.4,30.0,112.0,110,3.901399
porteke02,Kevin Porter Jr.,PG,21,HOU,61,61,1907,8.4,20.2,0.415,3.9,10.3,0.375,4.5,9.9,0.456,3.1,4.8,0.642,1.1,5.6,6.7,9.4,1.7,0.5,4.8,3.9,23.7,103.0,117,3.217631
portemi01,Michael Porter Jr.,SF,23,DEN,9,9,265,6.8,19.1,0.359,1.9,8.9,0.208,5.0,10.2,0.491,0.9,1.7,0.556,1.7,9.3,10.9,3.1,1.9,0.4,2.2,3.0,16.5,87.0,111,30.91375
porteot01,Otto Porter Jr.,PF,28,GSW,63,15,1396,6.7,14.5,0.464,2.8,7.5,0.37,3.9,7.0,0.565,1.7,2.1,0.803,3.0,9.6,12.6,3.3,2.4,1.0,1.3,2.9,18.0,121.0,104,6.0
portibo01,Bobby Portis,C,26,MIL,72,59,2028,9.9,20.6,0.479,3.1,8.0,0.393,6.7,12.6,0.533,2.0,2.7,0.752,4.3,11.3,15.6,2.0,1.3,1.2,2.1,4.1,24.9,115.0,110,10.84335
poweldw01,Dwight Powell,C,30,DAL,82,71,1798,7.5,11.2,0.671,0.4,1.0,0.351,7.2,10.2,0.703,4.6,5.9,0.783,4.8,6.5,11.3,2.7,1.0,1.1,1.8,6.2,20.1,142.0,110,11.080125
primojo01,Joshua Primo,SF,19,SAS,50,16,965,5.0,13.4,0.374,2.1,6.8,0.307,2.9,6.6,0.444,2.2,2.9,0.746,1.6,4.0,5.6,4.0,1.0,1.1,2.8,3.9,14.3,96.0,115,4.14432
princta02,Taurean Prince,PF,27,MIN,69,8,1177,7.2,15.8,0.454,3.5,9.3,0.376,3.7,6.5,0.565,2.5,3.3,0.756,1.1,6.0,7.0,2.7,1.9,0.9,2.1,4.7,20.3,112.0,112,7.295
pritcpa01,Payton Pritchard,PG,24,BOS,71,2,1001,7.9,18.5,0.429,5.0,12.2,0.412,2.9,6.4,0.461,1.0,1.0,1.0,1.6,5.1,6.7,6.9,1.2,0.3,2.0,3.0,21.9,120.0,110,2.2392
queentr01,Trevelin Queen,SG,24,HOU,10,0,74,9.6,21.2,0.455,5.8,15.4,0.375,3.9,5.8,0.667,2.6,2.6,1.0,4.5,5.8,10.3,2.6,3.2,0.6,4.5,3.9,27.7,109.0,114,0.33
quickim01,Immanuel Quickley,PG,22,NYK,78,3,1802,7.9,20.1,0.392,3.8,11.0,0.346,4.1,9.1,0.448,4.9,5.6,0.881,0.9,6.0,6.9,7.6,1.5,0.1,2.7,4.6,24.5,114.0,112,2.31624
randlju01,Julius Randle,PF,27,NYK,72,72,2544,10.1,24.5,0.411,2.4,7.7,0.308,7.7,16.8,0.458,6.0,7.9,0.756,2.5,11.6,14.1,7.3,1.0,0.8,4.8,4.0,28.5,102.0,109,23.76
reaveau01,Austin Reaves,SG,23,LAL,61,19,1418,4.9,10.7,0.459,1.8,5.6,0.317,3.1,5.1,0.616,3.3,4.0,0.839,1.5,5.0,6.5,3.7,1.0,0.7,1.4,2.9,15.0,123.0,116,1.563518
reedda01,Davon Reed,SG,26,DEN,48,5,668,5.9,11.8,0.503,2.7,6.3,0.43,3.2,5.5,0.587,0.7,1.1,0.667,1.0,6.9,7.9,3.9,1.8,0.7,1.2,4.6,15.3,123.0,112,1.902133
reedpa01,Paul Reed,C,22,PHI,38,2,302,8.9,15.9,0.563,0.3,1.3,0.25,8.6,14.5,0.591,1.0,2.3,0.429,7.3,7.9,15.2,2.6,5.5,2.3,1.7,9.4,19.2,122.0,100,1.782621
reidna01,Naz Reid,C,22,MIN,77,6,1215,9.1,18.6,0.489,2.2,6.5,0.343,6.9,12.1,0.568,4.5,5.8,0.765,4.0,7.8,11.8,2.8,1.6,2.8,3.2,6.7,24.9,113.0,109,1.930681
riverau01,Austin Rivers,SG,29,DEN,67,18,1480,4.8,11.6,0.417,2.6,7.7,0.342,2.2,3.9,0.563,1.1,1.5,0.727,0.6,3.1,3.8,3.0,1.7,0.2,1.8,4.0,13.4,104.0,115,1.83609
robindu01,Duncan Robinson,SG,27,MIA,79,68,2043,7.1,17.8,0.399,5.7,15.3,0.372,1.4,2.5,0.569,1.2,1.5,0.836,0.6,4.4,5.0,3.2,1.0,0.3,1.5,4.9,21.1,113.0,112,16.902
robinje02,Jeremiah Robinson-Earl,C,21,OKC,49,36,1087,6.0,14.5,0.414,2.6,7.4,0.352,3.4,7.1,0.478,1.8,2.4,0.741,3.4,8.9,12.3,2.2,1.3,0.7,1.7,3.4,16.4,108.0,113,2.0
robyis01,Isaiah Roby,PF,23,OKC,45,28,948,8.5,16.6,0.514,2.3,5.1,0.444,6.3,11.5,0.545,4.0,6.0,0.672,3.9,7.3,11.1,3.6,1.8,1.7,2.2,5.6,23.3,120.0,111,1.930681
rosede01,Derrick Rose,PG,33,NYK,26,4,636,9.6,21.6,0.445,2.9,7.2,0.402,6.7,14.3,0.467,2.4,2.4,0.968,1.7,4.5,6.1,8.1,1.7,0.9,3.1,1.2,24.5,112.0,112,14.52073
rosste01,Terrence Ross,SG,30,ORL,63,0,1448,7.3,18.5,0.397,2.6,8.8,0.292,4.8,9.7,0.493,3.7,4.3,0.862,0.7,4.7,5.4,3.9,0.9,0.4,2.5,2.3,21.0,100.0,116,11.5
roziete01,Terry Rozier,SG,27,CHO,73,73,2458,10.1,22.8,0.444,4.3,11.6,0.374,5.8,11.2,0.516,2.9,3.4,0.852,1.1,5.1,6.1,6.4,1.8,0.5,1.9,2.3,27.5,117.0,115,21.486316
rubiori01,Ricky Rubio,PG,31,CLE,34,8,970,7.7,21.2,0.363,3.0,9.0,0.339,4.6,12.2,0.38,4.5,5.3,0.854,0.8,6.5,7.3,11.6,2.5,0.4,4.6,3.9,22.9,102.0,108,5.853659
russeda01,D'Angelo Russell,PG,25,MIN,65,65,2077,9.2,22.3,0.411,4.0,11.9,0.34,5.2,10.5,0.492,4.5,5.5,0.825,0.6,4.4,4.9,10.5,1.4,0.5,3.8,3.0,26.9,112.0,115,31.37775
sengual01,Alperen Şengün,C,19,HOU,72,13,1489,8.0,16.8,0.474,0.9,3.7,0.248,7.0,13.0,0.539,5.3,7.4,0.711,4.4,8.2,12.6,5.9,1.9,2.2,4.6,6.8,22.1,107.0,113,3.37536
sextoco01,Collin Sexton,SG,23,CLE,11,11,316,10.7,23.9,0.45,1.7,7.1,0.244,9.0,16.8,0.538,4.6,6.2,0.744,2.1,3.6,5.7,3.6,1.6,0.0,4.9,4.0,27.8,96.0,113,16.5
shamela01,Landry Shamet,SG,24,PHO,69,14,1437,6.4,16.2,0.394,4.1,11.2,0.368,2.3,5.1,0.45,2.3,2.7,0.84,0.5,3.7,4.2,3.6,0.9,0.3,1.4,3.1,19.2,111.0,112,9.5
sharpda01,Day'Ron Sharpe,PF,20,BRK,32,8,391,10.7,18.5,0.577,0.2,0.9,0.286,10.4,17.6,0.592,3.0,5.1,0.585,10.0,9.8,19.8,2.1,1.2,1.9,3.7,7.4,24.5,118.0,111,2.10948
siakapa01,Pascal Siakam,PF,27,TOR,68,68,2578,11.6,23.4,0.494,1.5,4.2,0.344,10.1,19.2,0.527,5.5,7.3,0.749,2.5,8.8,11.2,7.0,1.6,0.8,3.5,4.4,30.1,116.0,110,35.448672
simonma01,Marko Simonovic,C,22,CHI,9,0,35,5.6,20.9,0.267,1.4,7.0,0.2,4.2,14.0,0.3,11.2,15.3,0.727,7.0,7.0,14.0,0.0,1.4,1.4,2.8,8.4,23.7,96.0,113,1.563518
simonan01,Anfernee Simons,SG,22,POR,57,30,1681,10.3,23.2,0.443,5.2,12.8,0.405,5.1,10.3,0.49,3.0,3.4,0.888,0.8,3.6,4.4,6.4,0.9,0.2,3.3,3.2,28.7,112.0,121,22.321429
smartma01,Marcus Smart,PG,27,BOS,71,71,2296,6.5,15.5,0.418,2.6,7.8,0.331,3.9,7.7,0.506,3.1,3.9,0.793,0.9,4.9,5.8,9.0,2.6,0.4,3.4,3.5,18.6,110.0,107,17.207142
smithde03,Dennis Smith Jr.,PG,24,POR,37,4,638,6.0,14.5,0.418,0.5,2.1,0.222,5.6,12.4,0.451,3.2,4.9,0.656,1.5,5.2,6.7,10.1,3.4,0.9,3.9,4.0,15.8,101.0,114,1.83609
stevela01,Lamar Stevens,PF,24,CLE,63,13,1015,7.7,15.7,0.489,0.9,3.2,0.277,6.8,12.5,0.543,2.6,3.7,0.707,2.3,5.8,8.1,2.2,1.5,0.9,2.0,5.2,18.8,107.0,110,1.782621
stewais01,Isaiah Stewart,C,20,DET,71,71,1816,6.7,13.2,0.51,0.4,1.2,0.326,6.3,11.9,0.529,2.0,2.8,0.718,6.1,10.5,16.6,2.2,0.6,2.1,2.3,5.7,15.8,113.0,112,3.43332
strusma01,Max Strus,SF,25,MIA,68,16,1587,7.8,17.8,0.441,5.7,13.9,0.41,2.1,3.8,0.557,1.3,1.7,0.792,0.8,5.6,6.4,2.9,0.9,0.5,1.8,3.7,22.7,116.0,112,1.815677
suggsja01,Jalen Suggs,PG,20,ORL,48,45,1307,7.3,20.3,0.361,1.6,7.3,0.214,5.8,13.0,0.443,4.7,6.0,0.773,1.0,5.4,6.3,7.7,2.2,0.7,5.3,5.3,20.9,88.0,112,6.92232
tateja01,Jae'Sean Tate,PF,26,HOU,78,77,2056,8.4,16.9,0.498,1.5,4.7,0.312,6.9,12.2,0.569,3.0,4.3,0.707,3.1,6.6,9.7,5.1,1.7,0.9,3.2,6.6,21.3,111.0,116,7.065217
tatumja01,Jayson Tatum,SF,23,BOS,76,76,2731,12.9,28.5,0.453,4.2,11.8,0.353,8.7,16.6,0.524,7.3,8.5,0.853,1.5,9.5,11.1,6.1,1.4,0.9,3.9,3.2,37.2,113.0,106,30.35178
taylote01,Terry Taylor,SG,22,IND,33,7,714,9.3,15.1,0.614,0.8,2.6,0.316,8.4,12.5,0.676,2.5,3.5,0.706,6.5,5.3,11.8,2.8,1.0,0.5,1.6,4.2,21.8,135.0,119,1.563518
templga01,Garrett Temple,SG,35,NOP,59,16,1098,5.0,13.3,0.376,2.7,8.3,0.319,2.3,4.9,0.473,1.3,1.8,0.683,1.3,5.1,6.4,3.3,1.9,1.0,1.9,3.6,13.9,101.0,113,5.1555
thomaca02,Cam Thomas,SG,20,BRK,67,2,1176,9.0,20.7,0.433,1.9,7.2,0.27,7.0,13.6,0.52,3.6,4.3,0.829,0.7,6.0,6.6,3.2,1.4,0.3,2.3,2.7,23.5,103.0,115,2.13816
thompkl01,Klay Thompson,SG,31,GSW,32,32,941,12.7,29.7,0.429,5.9,15.3,0.385,6.8,14.4,0.477,2.4,2.6,0.902,0.8,5.7,6.5,4.6,0.8,0.9,2.2,2.8,33.8,107.0,110,40.60008
thorjt01,JT Thor,PF,19,CHO,33,0,262,4.4,10.1,0.436,1.3,4.9,0.259,3.1,5.1,0.607,2.2,3.7,0.6,2.0,5.9,7.9,3.5,1.5,2.0,1.8,4.8,12.3,108.0,114,1.563518
thybuma01,Matisse Thybulle,SG,24,PHI,66,50,1685,4.4,8.9,0.5,1.3,4.3,0.313,3.1,4.6,0.673,1.0,1.3,0.791,1.2,3.2,4.5,2.2,3.4,2.1,1.2,4.7,11.2,116.0,108,4.379527
tillmxa01,Xavier Tillman Sr.,PF,23,MEM,53,2,701,6.7,14.7,0.454,0.7,3.3,0.204,6.0,11.4,0.527,3.1,4.8,0.648,4.5,6.5,11.0,4.2,3.3,1.0,2.3,4.3,17.2,112.0,107,1.782621
toddis01,Isaiah Todd,PF,20,WAS,12,0,74,4.7,17.4,0.269,2.7,10.7,0.25,2.0,6.7,0.3,1.3,4.0,0.333,2.0,6.0,8.0,2.7,2.7,1.3,2.7,2.7,13.4,74.0,112,1.575
toppiob01,Obi Toppin,PF,23,NYK,72,10,1230,10.2,19.2,0.531,2.1,6.9,0.308,8.1,12.4,0.655,3.8,5.0,0.758,2.8,8.1,10.9,3.1,1.0,1.3,2.3,4.1,26.4,120.0,111,5.34828
toscaju01,Juan Toscano-Anderson,SF,28,GSW,73,6,994,5.6,11.5,0.489,1.4,4.3,0.322,4.3,7.3,0.588,2.0,3.4,0.571,1.4,7.3,8.6,6.2,2.4,0.8,3.3,5.6,14.6,106.0,106,1.83609
townska01,Karl-Anthony Towns,C,26,MIN,74,74,2476,12.3,23.3,0.529,2.9,7.0,0.41,9.5,16.3,0.58,7.4,9.0,0.822,3.7,10.2,14.0,5.2,1.4,1.6,4.3,5.1,34.9,121.0,110,33.8334
trentga02,Gary Trent Jr.,SG,23,TOR,70,69,2448,9.2,22.2,0.414,4.3,11.1,0.383,4.9,11.0,0.445,3.6,4.2,0.853,0.5,3.4,3.9,2.9,2.5,0.4,1.5,2.9,26.2,114.0,112,17.505
tuckepj01,P.J. Tucker,PF,36,MIA,71,70,1981,5.2,10.8,0.484,2.0,4.9,0.415,3.2,5.9,0.54,1.1,1.5,0.738,2.5,7.2,9.8,3.8,1.5,0.4,1.7,4.1,13.6,120.0,110,10.49
turnemy01,Myles Turner,C,25,IND,42,42,1235,7.9,15.6,0.509,2.4,7.3,0.333,5.5,8.3,0.662,3.1,4.2,0.752,2.6,9.2,11.8,1.7,1.1,4.7,2.1,4.7,21.4,117.0,111,18.0
valanjo01,Jonas Valančiūnas,C,29,NOP,74,74,2240,11.2,20.7,0.544,1.3,3.5,0.361,10.0,17.2,0.581,5.2,6.4,0.82,5.0,13.6,18.6,4.2,0.9,1.3,3.9,5.4,29.0,118.0,111,14.7
vandeja01,Jarred Vanderbilt,PF,22,MIN,74,67,1880,5.4,9.1,0.587,0.1,0.4,0.143,5.3,8.8,0.605,2.2,3.3,0.656,5.4,10.3,15.8,2.4,2.5,1.2,1.8,4.6,13.0,127.0,108,4.374
vanvlfr01,Fred VanVleet,PG,27,TOR,65,65,2462,9.0,22.3,0.403,4.9,13.0,0.377,4.1,9.2,0.44,3.9,4.5,0.874,0.9,5.0,5.9,8.8,2.3,0.7,3.5,3.3,26.8,115.0,111,21.25
vassede01,Devin Vassell,SF,21,SAS,71,32,1937,8.1,18.9,0.427,3.4,9.4,0.361,4.7,9.5,0.492,2.1,2.5,0.838,1.1,6.5,7.6,3.4,1.9,1.0,1.4,3.5,21.6,109.0,112,4.437
vincega01,Gabe Vincent,PG,25,MIA,68,27,1589,6.7,16.2,0.417,3.7,10.2,0.368,3.0,6.0,0.5,1.4,1.7,0.815,0.7,3.3,4.0,6.6,2.0,0.4,3.1,5.0,18.6,107.0,111,1.815677
vucevni01,Nikola Vučević,C,31,CHI,73,73,2418,11.0,23.3,0.473,2.1,6.7,0.314,8.9,16.6,0.537,1.9,2.4,0.76,2.9,13.4,16.2,4.8,1.4,1.4,2.7,3.7,26.0,107.0,110,22.0
wadede01,Dean Wade,PF,25,CLE,51,28,980,5.0,11.1,0.456,2.6,7.2,0.359,2.4,3.8,0.64,1.0,1.5,0.667,1.6,6.1,7.6,2.6,1.5,0.4,0.8,4.5,13.7,122.0,111,1.930681
wagnefr01,Franz Wagner,SF,20,ORL,79,79,2429,9.1,19.4,0.468,1.9,5.4,0.354,7.2,14.0,0.511,3.8,4.4,0.863,1.7,5.4,7.1,4.6,1.4,0.7,2.4,3.3,23.8,110.0,114,5.25828
wagnemo01,Moritz Wagner,C,24,ORL,63,3,960,9.9,20.0,0.497,3.3,10.1,0.328,6.6,9.8,0.672,5.2,6.5,0.806,2.1,9.6,11.7,4.4,1.0,0.7,2.8,6.2,28.4,118.0,112,1.87872
walkelo01,Lonnie Walker IV,SG,23,SAS,70,6,1612,9.3,22.7,0.407,3.3,10.5,0.314,6.0,12.2,0.487,3.5,4.4,0.784,0.5,4.9,5.4,4.5,1.3,0.6,2.1,2.9,25.3,103.0,115,6.479
washipj01,P.J. Washington,C,23,CHO,65,28,1768,6.8,14.4,0.47,3.0,8.2,0.365,3.8,6.3,0.606,1.6,2.2,0.716,2.2,6.9,9.1,4.0,1.5,1.7,2.2,4.1,18.1,114.0,113,5.808435
watanyu01,Yuta Watanabe,SF,27,TOR,38,4,445,6.3,15.5,0.406,3.0,8.9,0.342,3.3,6.6,0.492,2.7,4.5,0.6,2.0,8.3,10.3,2.4,1.2,1.8,2.1,4.3,18.3,106.0,110,1.83609
watfotr01,Trendon Watford,SF,21,POR,48,10,869,8.0,15.0,0.532,0.5,2.1,0.237,7.5,12.9,0.581,4.0,5.3,0.755,3.2,8.0,11.2,4.6,1.4,1.6,2.5,6.5,20.5,118.0,116,1.563518
westbru01,Russell Westbrook,PG,33,LAL,78,78,2678,9.8,22.1,0.444,1.4,4.7,0.298,8.4,17.3,0.485,4.8,7.1,0.667,2.0,8.4,10.4,9.8,1.3,0.4,5.3,4.2,25.8,102.0,114,47.063478
whiteco01,Coby White,PG,21,CHI,61,17,1675,8.1,18.8,0.433,4.0,10.3,0.385,4.2,8.5,0.491,2.3,2.7,0.857,0.5,4.8,5.3,5.1,0.8,0.3,2.0,4.0,22.5,111.0,117,7.413955
wiggiaa01,Aaron Wiggins,SG,23,OKC,50,35,1209,6.3,13.6,0.463,1.7,5.6,0.304,4.6,8.0,0.573,2.5,3.4,0.729,2.1,5.1,7.2,2.7,1.2,0.4,2.2,3.7,16.8,107.0,116,1.563518
wiggian01,Andrew Wiggins,SF,26,GSW,73,73,2329,9.9,21.3,0.466,3.3,8.4,0.393,6.7,13.0,0.513,3.1,4.9,0.634,1.8,5.0,6.8,3.4,1.6,1.1,2.3,3.3,26.3,109.0,109,33.61677
willigr01,Grant Williams,PF,23,BOS,77,21,1875,5.4,11.4,0.475,2.8,6.8,0.411,2.6,4.6,0.569,2.3,2.5,0.905,1.7,5.6,7.3,2.1,1.0,1.5,1.6,4.9,16.0,122.0,109,4.306281
willike04,Kenrich Williams,SF,27,OKC,49,0,1072,6.6,14.4,0.461,1.9,5.5,0.339,4.8,8.9,0.536,1.4,2.5,0.545,3.4,6.6,10.0,4.9,2.0,0.5,2.1,3.7,16.5,111.0,113,2.0
willipa01,Patrick Williams,PF,20,CHI,17,9,422,6.2,11.8,0.529,1.7,3.4,0.517,4.5,8.4,0.534,3.5,4.7,0.732,2.0,6.0,8.0,1.7,1.0,1.0,1.9,3.2,17.7,120.0,115,7.7754
williro04,Robert Williams,C,24,BOS,61,61,1804,7.5,10.1,0.736,0.0,0.0,0.0,7.5,10.1,0.738,1.8,2.5,0.722,6.6,9.6,16.2,3.3,1.5,3.7,1.7,3.8,16.7,148.0,102,10.937502
willizi02,Ziaire Williams,SF,20,MEM,62,31,1346,6.8,15.1,0.45,2.7,8.6,0.314,4.1,6.5,0.632,1.5,2.0,0.782,0.9,3.7,4.6,2.3,1.2,0.4,1.5,4.0,17.8,113.0,114,4.59168
wilsodj01,D.J. Wilson,PF,25,TOR,4,1,54,10.2,13.9,0.733,0.0,1.9,0.0,10.2,12.0,0.846,7.4,9.3,0.8,0.9,13.9,14.8,4.6,4.6,0.9,1.9,5.6,27.8,149.0,100,0.25
windldy01,Dylan Windler,SF,25,CLE,50,0,459,4.0,10.7,0.378,2.3,7.6,0.3,1.7,3.0,0.571,1.6,2.0,0.833,2.3,7.4,9.7,3.7,1.5,0.3,1.7,5.1,12.0,110.0,110,4.037278
woodch01,Christian Wood,C,26,HOU,68,67,2094,10.0,20.0,0.501,3.0,7.6,0.39,7.0,12.3,0.57,4.7,7.5,0.623,2.5,13.1,15.6,3.5,1.2,1.5,2.9,3.9,27.7,114.0,113,14.317459
wrighde01,Delon Wright,SG,29,ATL,77,8,1452,4.1,9.1,0.454,1.5,3.9,0.379,2.6,5.2,0.51,1.8,2.1,0.857,1.7,5.8,7.4,6.4,3.1,0.6,1.5,1.9,11.6,126.0,112,7.804878
youngtr01,Trae Young,PG,23,ATL,76,76,2652,13.2,28.6,0.46,4.3,11.3,0.382,8.9,17.3,0.512,9.3,10.2,0.904,0.9,4.3,5.3,13.7,1.3,0.1,5.6,2.4,39.9,119.0,118,37.0965
yurtsom01,Omer Yurtseven,C,23,MIA,56,12,706,9.2,17.5,0.526,0.1,0.8,0.091,9.1,16.7,0.547,2.7,4.3,0.623,6.0,14.8,20.8,3.5,1.2,1.4,2.9,6.0,21.2,112.0,104,1.752638
